Species,GrowthForm,p0,tlp,rwc.tlp,epsil,Cft,wd,sla,MAP,MAT,Reference,Biome,Long,Lat,Organ,Note
irvingia malayana,Tree,-1.69,-1.83,NA,38.38,NA,0.883333333,NA,2700,26.9,Baltzer et al. 2008,Tropical rainforest,99.78333333,7.56666667,Leaf,
mallotus penangensis,Tree,-1.02,-1.15,NA,27.57,NA,0.59,NA,1950,26.4,Baltzer et al. 2008,Tropical rainforest,102.3,2.96666667,Leaf,
millettia atropurpurea,Tree,-1.01,-1.12,NA,19.59,NA,0.61,NA,2700,26.9,Baltzer et al. 2008,Tropical rainforest,99.78333333,7.56666667,Leaf,
palaquium sumatranum,Tree,-1.66,-1.88,NA,24.88,NA,0.52,NA,2700,26.9,Baltzer et al. 2008,Tropical rainforest,99.78333333,7.56666667,Leaf,
parashorea densiflora,Tree,-1.7,-1.83,NA,37.03,NA,0.67,NA,1950,26.4,Baltzer et al. 2008,Tropical rainforest,102.3,2.96666667,Leaf,
quercus semiserrata,Tree,-1.18,-1.42,NA,34.05,NA,0.712333333,NA,2700,26.9,Baltzer et al. 2008,Tropical rainforest,99.78333333,7.56666667,Leaf,
shorea guiso,Tree,-1.21,-1.38,NA,32.43,NA,0.705,NA,1950,26.4,Baltzer et al. 2008,Tropical rainforest,102.3,2.96666667,Leaf,
shorea macroptera,Tree,-0.78,-0.93,NA,25.14,NA,0.425,NA,1950,26.4,Baltzer et al. 2008,Tropical rainforest,102.3,2.96666667,Leaf,
shorea parvifolia,Tree,-0.99,-1.1,NA,17.57,NA,0.405,NA,1950,26.4,Baltzer et al. 2008,Tropical rainforest,102.3,2.96666667,Leaf,
vatica odorata,Tree,-1,-1.27,NA,20.27,NA,0.79,NA,2700,26.9,Baltzer et al. 2008,Tropical rainforest,99.78333333,7.56666667,Leaf,
xanthophyllum affine,Tree,-1.59,-1.8,NA,26.76,NA,0.613333333,NA,1950,26.4,Baltzer et al. 2008,Tropical rainforest,102.3,2.96666667,Leaf,
barringtonia pendula,Tree,-0.79988148,-1.246333333,NA,NA,NA,0.52,NA,1608,20.8,Bartlett unpublished data,Tropical seasonal forest,101.574,21.6117,Leaf,
quercus oleoides,Tree,-2.616782742,-3.12,NA,23.8,NA,0.86,5.555555556,1528,25.6,"Brodribb et al. 2003, Brodribb&Holbrook 2005",Tropical seasonal forest,-85.56666667,10.86666667,Leaf,
rhedera trinervis,Tree,-1.130940445,-1.37056928,NA,19,NA,NA,5.882352941,1528,25.6,"Brodribb et al. 2003, Brodribb&Holbrook 2005",Tropical seasonal forest,-85.56666667,10.86666667,Leaf,
simarouba glauca,Tree,-1.843893324,-2.21,NA,10.8,NA,0.414188909,6.25,1528,25.6,"Brodribb et al. 2003, Brodribb&Holbrook 2005",Tropical seasonal forest,-85.56666667,10.86666667,Leaf,
bursera simaruba,Tree,-1.14744352,-1.39,NA,NA,NA,0.305,14.7893413,1528,25.6,Brodribb etal. 2003,Tropical seasonal forest,-85.56666667,10.86666667,Leaf,
calycophyllum candidissimum,Tree,-1.071003907,-1.3,NA,NA,NA,0.696666667,NA,1528,25.6,Brodribb etal. 2003,Tropical seasonal forest,-85.56666667,10.86666667,Leaf,
enterolobium cyclocarpum,Tree,-1.512655003,-1.82,NA,NA,NA,0.39,NA,1528,25.6,Brodribb etal. 2003,Tropical seasonal forest,-85.56666667,10.86666667,Leaf,
hymenaea courbaril,Tree,-1.813322953,-2.174006445,NA,NA,NA,0.792334,NA,1528,25.6,Brodribb etal. 2003,Tropical seasonal forest,-85.56666667,10.86666667,Leaf,
sweitenia macrophylla,Tree,-1.792933582,-2.15,NA,NA,NA,NA,NA,1528,25.6,Brodribb etal. 2003,Tropical seasonal forest,-85.56666667,10.86666667,Leaf,
gliricidia sepium,Tree,-1.325802616,-1.6,93,NA,NA,0.6175,NA,1528,25.6,Brodribb&Holbrook 2003,Tropical seasonal forest,-85.56666667,10.86666667,Leaf,
ventilago calyculata,Liana,-1.1,-1.28,NA,NA,NA,NA,17.05,1500,22.9,Chen et al. 2014,Tropical rainforest,101.4166667,24.68333333,Leaf,Juvenile stage
ventilago calyculata,Liana,-1.71,-1.94,NA,NA,NA,NA,17.05,1500,22.9,Chen et al. 2014,Tropical rainforest,101.4166667,24.68333333,Leaf,Mature stage
ziziphus attopensis,Liana,-0.68,-0.78,NA,NA,NA,NA,27.03,1500,22.9,Chen et al. 2014,Tropical rainforest,101.4166667,24.68333333,Leaf,Juvenile stage
ziziphus attopensis,Liana,-1.04,-1.34,NA,NA,NA,NA,27.03,1500,22.9,Chen et al. 2014,Tropical rainforest,101.4166667,24.68333333,Leaf,Mature stage
michelia hypolampra,Tree,-1.06,-1.4,NA,11,NA,NA,NA,1560,21.7,Chen et al. 2017,Tropical rainforest,101.7666667,21.9,Leaf,
mucuna interrupta,Liana,-0.99,-1.17,NA,7.42,NA,NA,NA,1560,21.7,Chen et al. 2017,Tropical rainforest,101.7666667,21.9,Leaf,
celastrus paniculatus,Liana,-1.28,-1.57,NA,14.48,NA,0.46,11.43,1560,21.7,Chen et al. 2017 + unpublished data,Tropical rainforest,101.7666667,21.9,Leaf,
celtis tetrandra,Tree,-1.96,-2.23,NA,16.53,NA,0.53,11.04,1560,21.7,Chen et al. 2017 + unpublished data,Tropical rainforest,101.7666667,21.9,Leaf,
ficus concinna,Tree,-1.63,-2.06,NA,25.81,NA,0.51,13.29,1560,21.7,Chen et al. 2017 + unpublished data,Tropical rainforest,101.7666667,21.9,Leaf,
harpullia cupanioides,Tree,-2.04,-2.37,NA,16.67,NA,0.44,12.5,1560,21.7,Chen et al. 2017 + unpublished data,Tropical rainforest,101.7666667,21.9,Leaf,
marsdenia sinensis,Liana,-0.97,-1.49,NA,10.91,NA,0.36,13.2,1560,21.7,Chen et al. 2017 + unpublished data,Tropical rainforest,101.7666667,21.9,Leaf,
streblus asper,Tree,-1.78,-2.26,NA,15.11,NA,0.55,12.08,1560,21.7,Chen et al. 2017 + unpublished data,Tropical rainforest,101.7666667,21.9,Leaf,
ventilago calyculata,Liana,-2.02,-2.34,NA,21.61,NA,0.48,12.86,1560,21.7,Chen et al. 2017 + unpublished data,Tropical rainforest,101.7666667,21.9,Leaf,
cordia alliodora,Tree,-1.76,-1.97,91.3,13.05,NA,0.520307692,NA,2600,26.5,Choat et al. 2007,Tropical rainforest,-79.85,9.15,Leaf,
cordia alliodora,Tree,-1.93,-2.16,89,12.84,NA,0.520307692,NA,1460,26.5,Choat et al. 2007,Tropical seasonal forest,-85.35,10.35,Leaf,
cordia alliodora,Tree,-1.71,-1.89,92,14.16,NA,0.520307692,NA,2600,26.5,Choat et al. 2007,Tropical rainforest,-79.85,9.15,Leaf,
cordia alliodora,Tree,-1.64,-1.86,93,12.16,NA,0.520307692,NA,4200,26.1,Choat et al. 2007,Tropical rainforest,-84,10.41666667,Leaf,
cordia collococca,Tree,-1.8,-2.09,86,9.01,NA,0.42,NA,1460,26.5,Choat et al. 2007,Tropical seasonal forest,-85.35,10.35,Leaf,
cordia cymosa,Tree,-1.34,-1.5,93,11.13,NA,NA,NA,4200,26.1,Choat et al. 2007,Tropical rainforest,-84,10.41666667,Leaf,
cordia dentata,Tree,-1.88,-2.14,89,11.86,NA,0.5,NA,1460,26.5,Choat et al. 2007,Tropical rainforest,-85.35,10.35,Leaf,
cordia lasiocalyx,Tree,-1.48,-1.63,91,11.96,NA,0.397,NA,2600,26.5,Choat et al. 2007,Tropical rainforest,-79.85,9.15,Leaf,
cordia lucidula,Tree,-1.29,-1.4,92,10.46,NA,NA,NA,4200,26.1,Choat et al. 2007,Tropical rainforest,-84,10.41666667,Leaf,
cordia panamensis,Tree,-1.79,-2,90,12.46,NA,NA,NA,2600,26.5,Choat et al. 2007,Tropical rainforest,-79.85,9.15,Leaf,
forchhammeria pallida,Tree,-2.51,-2.83,NA,NA,NA,0.84,NA,782,26.4,Fanjul & Barradas 1987,Tropical seasonal forest,-105.05,19.5,Leaf,
randia armata,Tree,-1.68,-1.96,NA,NA,NA,0.668,NA,782,26.4,Fanjul & Barradas 1987,Tropical seasonal forest,-105.05,19.5,Leaf,
thouinidium decandrum,Tree,-2.3,-3.48,NA,NA,NA,0.67,NA,782,26.4,Fanjul & Barradas 1987,Tropical seasonal forest,-105.05,19.5,Leaf,
trichilia trifolia,Tree,-1.59,-1.98,NA,NA,NA,0.8,NA,782,26.4,Fanjul & Barradas 1987,Tropical seasonal forest,-105.05,19.5,Leaf,
austrobaileya scandens,Liana,NA,-1.3,NA,NA,NA,NA,NA,1490,16.2,Feild et al. 2009,Tropical rainforest,-83.59333333,35.12611111,Leaf,
illicium floridanum,Tree,NA,-1.1,NA,NA,NA,0.575,11.77578898,1490,16.2,Feild et al. 2009 + Feild & Isnard 2013,Tropical rainforest,-83.59333333,35.12611111,Leaf,
schisandra glabra,Liana,NA,-0.85,NA,NA,NA,0.329,22.88,1490,16.2,Feild et al. 2009 + Feild & Isnard 2013,Tropical rainforest,-83.59333333,35.12611111,Leaf,
bauhinia variegata,Tree,-1.22,-1.29,NA,NA,NA,0.653,13.18256739,1709,19.3,Fu et al. 2012,Tropical seasonal forest,101.7666667,21.9,Leaf,
celtis philippensis,Tree,-2.39,-2.62,NA,NA,NA,0.703,NA,1709,19.3,Fu et al. 2012,Tropical seasonal forest,101.7666667,21.9,Leaf,
cleistanthus sumatranus,Tree,-1.57,-1.72,NA,NA,NA,0.64,NA,1709,19.3,Fu et al. 2012,Tropical seasonal forest,101.7666667,21.9,Leaf,
aegiphila lhotzkiana,Tree,NA,NA,NA,NA,0.22,0.49,10.46025105,1500,20,Hao et al. 2008,Tropical seasonal forest,-47.88333333,-15.93333333,Leaf,
aegiphila sellowiana,Tree,NA,NA,NA,NA,0.39,0.41,12.78772379,1500,20,Hao et al. 2008,Tropical seasonal forest,-47.88333333,-15.93333333,Leaf,
hymenaea martiana,Tree,NA,NA,NA,NA,0.036469112,0.56,9.652509653,1500,20,Hao et al. 2008,Tropical seasonal forest,-47.88333333,-15.93333333,Leaf,
hymenaea martiana,Tree,-2.03,-2.32,NA,NA,NA,0.825,9.652509653,1500,20,Hao et al. 2008,Tropical seasonal forest,-47.88333333,-15.93333333,Leaf,
hymenaea stignocarpa,Tree,NA,NA,NA,NA,0.061971074,0.72,6.887052342,1500,20,Hao et al. 2008,Tropical seasonal forest,-47.88333333,-15.93333333,Leaf,
miconia cuspidata,Tree,NA,NA,NA,NA,0.067360248,0.74,10.35196687,1500,20,Hao et al. 2008,Tropical seasonal forest,-47.88333333,-15.93333333,Leaf,
miconia pohliana,Tree,NA,NA,NA,NA,0.074970684,0.53,5.42888165,1500,20,Hao et al. 2008,Tropical seasonal forest,-47.88333333,-15.93333333,Leaf,
myrsine ferruginea,Tree,NA,NA,NA,NA,0.101475259,0.62,11.50747986,1500,20,Hao et al. 2008,Tropical seasonal forest,-47.88333333,-15.93333333,Leaf,
myrsine guianensis,Tree,NA,NA,NA,NA,0.09,0.52,5.151983514,1500,20,Hao et al. 2008,Tropical seasonal forest,-47.88333333,-15.93333333,Leaf,
styrax ferrugineus,Tree,NA,NA,NA,NA,0.057424191,0.49,5.678591709,1500,20,Hao et al. 2008,Tropical seasonal forest,-47.88333333,-15.93333333,Leaf,
styrax pohlii,Tree,NA,NA,NA,NA,0.065297872,0.54,8.183306056,1500,20,Hao et al. 2008,Tropical seasonal forest,-47.88333333,-15.93333333,Leaf,
symplocos lanceolata,Tree,NA,NA,NA,NA,0.058264463,0.38,6.887052342,1500,20,Hao et al. 2008,Tropical seasonal forest,-47.88333333,-15.93333333,Leaf,
symplocos mosenii,Tree,NA,NA,NA,NA,0.060883645,0.48,8.136696501,1500,20,Hao et al. 2008,Tropical seasonal forest,-47.88333333,-15.93333333,Leaf,
ficus auriculata,Tree,NA,-0.86,NA,NA,NA,0.468,14.83679525,1500,22.7,Hao et al. 2010,Tropical rainforest,105.25,21.93333333,Leaf,
ficus hispida,Tree,NA,-1.23,NA,NA,NA,0.3815,10.68376068,1500,22.7,Hao et al. 2010,Tropical rainforest,105.25,21.93333333,Leaf,
ficus racemosa,Tree,NA,-1.44,NA,NA,NA,0.3626,19.92031873,1500,22.7,Hao et al. 2010,Tropical rainforest,105.25,21.93333333,Leaf,
anacardium excelsum,Tree,-0.926617972,-1.13,NA,NA,NA,0.43,10.83926914,1800,27,Johnson et al. 2013,Tropical rainforest,-79.54694444,8.98561944,Leaf,
prionostemma aspera,Liana,-1.724987,-2.07,NA,NA,NA,0.58,NA,1800,27,Johnson et al. 2013,Tropical rainforest,-79.54694444,8.98561944,Leaf,
trichostigma octandrum,Liana,-1.232376,-1.49,NA,NA,NA,0.49,NA,1800,27,Johnson et al. 2013,Tropical rainforest,-79.54694444,8.98561944,Leaf,
crossopteryx febrifuga,Tree,-1.44,-1.73,87,11.48,NA,0.702,NA,1200,26.8,Le Roux & Bariac 1998,Tropical seasonal forest,-5.033333333,6.216666667,Leaf,
ochroma pyramidale,Tree,-1.37,-1.6,NA,25.74,NA,0.157516429,NA,2600,26.5,Machado & Tyree 1994,Tropical seasonal forest,-79.85,9.15,Leaf,
pseudobombax septenatum,Tree,-0.91,-1.28,NA,12.8,NA,0.211666667,7.762471166,2600,26.5,Machado & Tyree 1994,Tropical seasonal forest,-79.85,9.15,Leaf,
abarema jupunba,Tree,-1.159166667,-1.595426667,NA,NA,NA,0.585142857,NA,3000,25.1,Marechaux et al. 2015,Tropical rainforest,-52.66666667,4.08333333,Leaf,
apeiba glabra,Tree,-1.666666667,-2.017666667,NA,NA,NA,0.32,NA,3000,25.1,Marechaux et al. 2015,Tropical rainforest,-52.66666667,4.08333333,Leaf,
aspidosperma excelsum,Tree,-1.710833333,-1.743106667,NA,NA,NA,0.792,NA,3000,25.1,Marechaux et al. 2015,Tropical rainforest,-52.66666667,4.08333333,Leaf,
bocoa prouacensis,Tree,-1.919166667,-2.1286,NA,NA,NA,1.053666667,NA,3000,25.1,Marechaux et al. 2015,Tropical rainforest,-52.66666667,4.08333333,Leaf,
bocoa prouacensis,Tree,-1.585833333,-1.96012,NA,NA,NA,1.053666667,NA,3000,25.1,Marechaux et al. 2015,Tropical rainforest,-52.66666667,4.08333333,Leaf,
bocoa prouacensis,Tree,-1.5975,-2.306093333,NA,NA,NA,1.053666667,NA,3000,25.1,Marechaux et al. 2015,Tropical rainforest,-52.66666667,4.08333333,Leaf,
bocoa prouacensis,Tree,-1.745,-2.227746667,NA,NA,NA,1.053666667,NA,3000,25.1,Marechaux et al. 2015,Tropical rainforest,-52.66666667,4.08333333,Leaf,
bocoa prouacensis,Tree,-2.013333333,-1.6086,NA,NA,NA,1.053666667,NA,3000,25.1,Marechaux et al. 2015,Tropical rainforest,-52.66666667,4.08333333,Leaf,
bocoa prouacensis,Tree,-2.136666667,-2.24924,NA,NA,NA,1.053666667,NA,3000,25.1,Marechaux et al. 2015,Tropical rainforest,-52.66666667,4.08333333,Leaf,
bocoa prouacensis,Tree,-1.945,-2.08284,NA,NA,NA,1.053666667,NA,3000,25.1,Marechaux et al. 2015,Tropical rainforest,-52.66666667,4.08333333,Leaf,
brosimum rubescens,Tree,-1.981666667,-2.279746667,NA,NA,NA,0.825142857,NA,3000,25.1,Marechaux et al. 2015,Tropical rainforest,-52.66666667,4.08333333,Leaf,
carapa procera,Tree,-1.338333333,-1.744493333,NA,NA,NA,0.5638125,NA,3000,25.1,Marechaux et al. 2015,Tropical rainforest,-52.66666667,4.08333333,Leaf,
carapa procera,Tree,-1.675,-2.0246,NA,NA,NA,0.5638125,NA,3000,25.1,Marechaux et al. 2015,Tropical rainforest,-52.66666667,4.08333333,Leaf,
carapa procera,Tree,-1.591666667,-2.04124,NA,NA,NA,0.5638125,NA,3000,25.1,Marechaux et al. 2015,Tropical rainforest,-52.66666667,4.08333333,Leaf,
carapa procera,Tree,-1.695,-1.8686,NA,NA,NA,0.5638125,NA,3000,25.1,Marechaux et al. 2015,Tropical rainforest,-52.66666667,4.08333333,Leaf,
carapa procera,Tree,-1.684166667,-1.955266667,NA,NA,NA,0.5638125,NA,3000,25.1,Marechaux et al. 2015,Tropical rainforest,-52.66666667,4.08333333,Leaf,
caryocar glabrum,Tree,-1.525,-1.879693333,NA,NA,NA,0.653571429,NA,3000,25.1,Marechaux et al. 2015,Tropical rainforest,-52.66666667,4.08333333,Leaf,
cassipourea guianensis,Tree,-1.4875,-2.054413333,NA,NA,NA,0.82,NA,3000,25.1,Marechaux et al. 2015,Tropical rainforest,-52.66666667,4.08333333,Leaf,
chrysophyllum sanguinolentum,Tree,-0.98125,-1.4474,NA,NA,NA,0.6714,NA,3000,25.1,Marechaux et al. 2015,Tropical rainforest,-52.66666667,4.08333333,Leaf,
conceveiba guianensis,Tree,-1.28,-1.69596,NA,NA,NA,0.54325,NA,3000,25.1,Marechaux et al. 2015,Tropical rainforest,-52.66666667,4.08333333,Leaf,
cordia sagotii,Tree,-1.585,-1.94972,NA,NA,NA,0.409,NA,3000,25.1,Marechaux et al. 2015,Tropical rainforest,-52.66666667,4.08333333,Leaf,
cordia sagotii,Tree,-1.4875,-1.8686,NA,NA,NA,0.409,NA,3000,25.1,Marechaux et al. 2015,Tropical rainforest,-52.66666667,4.08333333,Leaf,
couepia bracteosa,Tree,-2.055,-2.25548,NA,NA,NA,0.77,NA,3000,25.1,Marechaux et al. 2015,Tropical rainforest,-52.66666667,4.08333333,Leaf,
couepia caryophylloides,Tree,-1.9525,-1.86756,NA,NA,NA,0.77,NA,3000,25.1,Marechaux et al. 2015,Tropical rainforest,-52.66666667,4.08333333,Leaf,
couratari oblongifolia,Tree,-1.611666667,-1.971906667,NA,NA,NA,0.505,NA,3000,25.1,Marechaux et al. 2015,Tropical rainforest,-52.66666667,4.08333333,Leaf,
couratari oblongifolia,Tree,-1.346666667,-1.751426667,NA,NA,NA,0.505,NA,3000,25.1,Marechaux et al. 2015,Tropical rainforest,-52.66666667,4.08333333,Leaf,
cupania scrobiculata,Tree,-1.8075,-2.13484,NA,NA,NA,0.628,NA,3000,25.1,Marechaux et al. 2015,Tropical rainforest,-52.66666667,4.08333333,Leaf,
dicorynia guianensis,Tree,-2.059166667,-1.511533333,NA,NA,NA,0.5912,NA,3000,25.1,Marechaux et al. 2015,Tropical rainforest,-52.66666667,4.08333333,Leaf,
dicorynia guianensis,Tree,-0.99375,-1.58468,NA,NA,NA,0.5912,NA,3000,25.1,Marechaux et al. 2015,Tropical rainforest,-52.66666667,4.08333333,Leaf,
dicorynia guianensis,Tree,-1.238333333,-2.344226667,NA,NA,NA,0.5912,NA,3000,25.1,Marechaux et al. 2015,Tropical rainforest,-52.66666667,4.08333333,Leaf,
dicorynia guianensis,Tree,-1.175,-1.661293333,NA,NA,NA,0.5912,NA,3000,25.1,Marechaux et al. 2015,Tropical rainforest,-52.66666667,4.08333333,Leaf,
dicorynia guianensis,Tree,-1.8,-1.4578,NA,NA,NA,0.5912,NA,3000,25.1,Marechaux et al. 2015,Tropical rainforest,-52.66666667,4.08333333,Leaf,
diospyros carbonaria,Tree,-1.8375,-1.808973333,NA,NA,NA,0.73,NA,3000,25.1,Marechaux et al. 2015,Tropical rainforest,-52.66666667,4.08333333,Leaf,
diospyros carbonaria,Tree,-1.415833333,-1.60236,NA,NA,NA,0.73,NA,3000,25.1,Marechaux et al. 2015,Tropical rainforest,-52.66666667,4.08333333,Leaf,
drypetes variabilis,Tree,-2.0225,-2.31372,NA,NA,NA,0.736666667,NA,3000,25.1,Marechaux et al. 2015,Tropical rainforest,-52.66666667,4.08333333,Leaf,
drypetes variabilis,Tree,-1.561666667,-1.930306667,NA,NA,NA,0.736666667,NA,3000,25.1,Marechaux et al. 2015,Tropical rainforest,-52.66666667,4.08333333,Leaf,
eperua grandiflora,Tree,-1.14625,-2.11196,NA,NA,NA,0.704,NA,3000,25.1,Marechaux et al. 2015,Tropical rainforest,-52.66666667,4.08333333,Leaf,
eperua grandiflora,Tree,-1.78,-1.9102,NA,NA,NA,0.704,NA,3000,25.1,Marechaux et al. 2015,Tropical rainforest,-52.66666667,4.08333333,Leaf,
eperua grandiflora,Tree,-1.705,-2.256866667,NA,NA,NA,0.704,NA,3000,25.1,Marechaux et al. 2015,Tropical rainforest,-52.66666667,4.08333333,Leaf,
eperua grandiflora,Tree,-1.683333333,-1.987853333,NA,NA,NA,0.704,NA,3000,25.1,Marechaux et al. 2015,Tropical rainforest,-52.66666667,4.08333333,Leaf,
eperua grandiflora,Tree,-1.058333333,-1.994093333,NA,NA,NA,0.704,NA,3000,25.1,Marechaux et al. 2015,Tropical rainforest,-52.66666667,4.08333333,Leaf,
eperua grandiflora,Tree,-1.638333333,-2.031533333,NA,NA,NA,0.704,NA,3000,25.1,Marechaux et al. 2015,Tropical rainforest,-52.66666667,4.08333333,Leaf,
eperua grandiflora,Tree,-1.5375,-2.04956,NA,NA,NA,0.704,NA,3000,25.1,Marechaux et al. 2015,Tropical rainforest,-52.66666667,4.08333333,Leaf,
eperua grandiflora,Tree,-1.630833333,-2.17852,NA,NA,NA,0.704,NA,3000,25.1,Marechaux et al. 2015,Tropical rainforest,-52.66666667,4.08333333,Leaf,
eschweilera coriacea,Tree,-1.679166667,-1.705666667,NA,NA,NA,0.852083333,NA,3000,25.1,Marechaux et al. 2015,Tropical rainforest,-52.66666667,4.08333333,Leaf,
eschweilera coriacea,Tree,-1.2425,-1.66476,NA,NA,NA,0.852083333,NA,3000,25.1,Marechaux et al. 2015,Tropical rainforest,-52.66666667,4.08333333,Leaf,
eschweilera coriacea,Tree,-1.721666667,-2.028066667,NA,NA,NA,0.852083333,NA,3000,25.1,Marechaux et al. 2015,Tropical rainforest,-52.66666667,4.08333333,Leaf,
eschweilera coriacea,Tree,-1.3075,-1.71884,NA,NA,NA,0.852083333,NA,3000,25.1,Marechaux et al. 2015,Tropical rainforest,-52.66666667,4.08333333,Leaf,
eschweilera coriacea,Tree,-1.291666667,-1.984386667,NA,NA,NA,0.852083333,NA,3000,25.1,Marechaux et al. 2015,Tropical rainforest,-52.66666667,4.08333333,Leaf,
eschweilera coriacea,Tree,-1.2625,-1.6814,NA,NA,NA,0.852083333,NA,3000,25.1,Marechaux et al. 2015,Tropical rainforest,-52.66666667,4.08333333,Leaf,
eschweilera coriacea,Tree,-1.663333333,-2.014893333,NA,NA,NA,0.852083333,NA,3000,25.1,Marechaux et al. 2015,Tropical rainforest,-52.66666667,4.08333333,Leaf,
eschweilera grandiflora,Tree,-1.35,-1.7542,NA,NA,NA,0.876,NA,3000,25.1,Marechaux et al. 2015,Tropical rainforest,-52.66666667,4.08333333,Leaf,
guettarda acreana,Tree,-1.381666667,-1.780546667,NA,NA,NA,0.87,NA,3000,25.1,Marechaux et al. 2015,Tropical rainforest,-52.66666667,4.08333333,Leaf,
gustavia hexapetala,Tree,-1.345833333,-1.996866667,NA,NA,NA,0.716,NA,3000,25.1,Marechaux et al. 2015,Tropical rainforest,-52.66666667,4.08333333,Leaf,
gustavia hexapetala,Tree,-1.626666667,-1.958733333,NA,NA,NA,0.716,NA,3000,25.1,Marechaux et al. 2015,Tropical rainforest,-52.66666667,4.08333333,Leaf,
gustavia hexapetala,Tree,-1.663333333,-2.014893333,NA,NA,NA,0.716,NA,3000,25.1,Marechaux et al. 2015,Tropical rainforest,-52.66666667,4.08333333,Leaf,
gustavia hexapetala,Tree,-1.96,-1.750733333,NA,NA,NA,0.716,NA,3000,25.1,Marechaux et al. 2015,Tropical rainforest,-52.66666667,4.08333333,Leaf,
gustavia hexapetala,Tree,-1.546666667,-1.917826667,NA,NA,NA,0.716,NA,3000,25.1,Marechaux et al. 2015,Tropical rainforest,-52.66666667,4.08333333,Leaf,
gustavia hexapetala,Tree,-1.595833333,-2.26172,NA,NA,NA,0.716,NA,3000,25.1,Marechaux et al. 2015,Tropical rainforest,-52.66666667,4.08333333,Leaf,
hirtella glandulosa,Tree,-1.48625,-1.88628,NA,NA,NA,0.925,NA,3000,25.1,Marechaux et al. 2015,Tropical rainforest,-52.66666667,4.08333333,Leaf,
hymenaea courbaril,Tree,-1.954166667,-1.442893333,NA,NA,NA,0.79235,NA,3000,25.1,Marechaux et al. 2015,Tropical rainforest,-52.66666667,4.08333333,Leaf,
iryanthera sagotiana,Tree,-1.44125,-1.83012,NA,NA,NA,0.572,NA,3000,25.1,Marechaux et al. 2015,Tropical rainforest,-52.66666667,4.08333333,Leaf,
lecythis persistens,Tree,-1.681666667,-1.744493333,NA,NA,NA,0.86,NA,3000,25.1,Marechaux et al. 2015,Tropical rainforest,-52.66666667,4.08333333,Leaf,
lecythis persistens,Tree,-1.555833333,-1.925453333,NA,NA,NA,0.86,NA,3000,25.1,Marechaux et al. 2015,Tropical rainforest,-52.66666667,4.08333333,Leaf,
lecythis persistens,Tree,-1.713333333,-2.056493333,NA,NA,NA,0.86,NA,3000,25.1,Marechaux et al. 2015,Tropical rainforest,-52.66666667,4.08333333,Leaf,
lecythis persistens,Tree,-1.641666667,-2.030146667,NA,NA,NA,0.86,NA,3000,25.1,Marechaux et al. 2015,Tropical rainforest,-52.66666667,4.08333333,Leaf,
lecythis persistens,Tree,-1.645,-1.99964,NA,NA,NA,0.86,NA,3000,25.1,Marechaux et al. 2015,Tropical rainforest,-52.66666667,4.08333333,Leaf,
lecythis persistens,Tree,-1.581666667,-1.946946667,NA,NA,NA,0.86,NA,3000,25.1,Marechaux et al. 2015,Tropical rainforest,-52.66666667,4.08333333,Leaf,
lecythis persistens,Tree,-1.338333333,-1.944866667,NA,NA,NA,0.86,NA,3000,25.1,Marechaux et al. 2015,Tropical rainforest,-52.66666667,4.08333333,Leaf,
lecythis poiteaui,Tree,-1.8825,-2.19724,NA,NA,NA,0.802,NA,3000,25.1,Marechaux et al. 2015,Tropical rainforest,-52.66666667,4.08333333,Leaf,
lecythis poiteaui,Tree,-2.350833333,-2.586893333,NA,NA,NA,0.802,NA,3000,25.1,Marechaux et al. 2015,Tropical rainforest,-52.66666667,4.08333333,Leaf,
lecythis poiteaui,Tree,-2.045833333,-2.643053333,NA,NA,NA,0.802,NA,3000,25.1,Marechaux et al. 2015,Tropical rainforest,-52.66666667,4.08333333,Leaf,
lecythis poiteaui,Tree,-2.418333333,-3.145026667,NA,NA,NA,0.802,NA,3000,25.1,Marechaux et al. 2015,Tropical rainforest,-52.66666667,4.08333333,Leaf,
lecythis poiteaui,Tree,-1.579166667,-2.333133333,NA,NA,NA,0.802,NA,3000,25.1,Marechaux et al. 2015,Tropical rainforest,-52.66666667,4.08333333,Leaf,
licania alba,Tree,-1.3375,-2.025986667,NA,NA,NA,0.8874,NA,3000,25.1,Marechaux et al. 2015,Tropical rainforest,-52.66666667,4.08333333,Leaf,
licania alba,Tree,-1.885,-1.901186667,NA,NA,NA,0.8874,NA,3000,25.1,Marechaux et al. 2015,Tropical rainforest,-52.66666667,4.08333333,Leaf,
licania alba,Tree,-1.255833333,-1.7438,NA,NA,NA,0.8874,NA,3000,25.1,Marechaux et al. 2015,Tropical rainforest,-52.66666667,4.08333333,Leaf,
licania alba,Tree,-1.9125,-2.19932,NA,NA,NA,0.8874,NA,3000,25.1,Marechaux et al. 2015,Tropical rainforest,-52.66666667,4.08333333,Leaf,
licania alba,Tree,-1.676666667,-2.077293333,NA,NA,NA,0.8874,NA,3000,25.1,Marechaux et al. 2015,Tropical rainforest,-52.66666667,4.08333333,Leaf,
licania alba,Tree,-1.526666667,-2.138306667,NA,NA,NA,0.8874,NA,3000,25.1,Marechaux et al. 2015,Tropical rainforest,-52.66666667,4.08333333,Leaf,
licania alba,Tree,-1.500833333,-2.2222,NA,NA,NA,0.8874,NA,3000,25.1,Marechaux et al. 2015,Tropical rainforest,-52.66666667,4.08333333,Leaf,
licania canescens,Tree,-1.793333333,-2.123053333,NA,NA,NA,0.88,NA,3000,25.1,Marechaux et al. 2015,Tropical rainforest,-52.66666667,4.08333333,Leaf,
licania canescens,Tree,-1.7275,-2.06828,NA,NA,NA,0.88,NA,3000,25.1,Marechaux et al. 2015,Tropical rainforest,-52.66666667,4.08333333,Leaf,
licania canescens,Tree,-1.586666667,-1.951106667,NA,NA,NA,0.88,NA,3000,25.1,Marechaux et al. 2015,Tropical rainforest,-52.66666667,4.08333333,Leaf,
licania canescens,Tree,-1.811666667,-2.016973333,NA,NA,NA,0.88,NA,3000,25.1,Marechaux et al. 2015,Tropical rainforest,-52.66666667,4.08333333,Leaf,
licania canescens,Tree,-1.2825,-1.69804,NA,NA,NA,0.88,NA,3000,25.1,Marechaux et al. 2015,Tropical rainforest,-52.66666667,4.08333333,Leaf,
licania canescens,Tree,-1.639166667,-2.32828,NA,NA,NA,0.88,NA,3000,25.1,Marechaux et al. 2015,Tropical rainforest,-52.66666667,4.08333333,Leaf,
licania canescens,Tree,-1.665833333,-1.994786667,NA,NA,NA,0.88,NA,3000,25.1,Marechaux et al. 2015,Tropical rainforest,-52.66666667,4.08333333,Leaf,
licania canescens,Tree,-1.738333333,-2.202093333,NA,NA,NA,0.88,NA,3000,25.1,Marechaux et al. 2015,Tropical rainforest,-52.66666667,4.08333333,Leaf,
licania membranacea,Tree,-1.960833333,-2.1598,NA,NA,NA,0.88,NA,3000,25.1,Marechaux et al. 2015,Tropical rainforest,-52.66666667,4.08333333,Leaf,
licania membranacea,Tree,-2.59875,-2.262413333,NA,NA,NA,0.88,NA,3000,25.1,Marechaux et al. 2015,Tropical rainforest,-52.66666667,4.08333333,Leaf,
licania membranacea,Tree,-1.613333333,-2.102253333,NA,NA,NA,0.88,NA,3000,25.1,Marechaux et al. 2015,Tropical rainforest,-52.66666667,4.08333333,Leaf,
licania membranacea,Tree,-1.818333333,-1.973293333,NA,NA,NA,0.88,NA,3000,25.1,Marechaux et al. 2015,Tropical rainforest,-52.66666667,4.08333333,Leaf,
licania membranacea,Tree,-1.888333333,-2.79316,NA,NA,NA,0.88,NA,3000,25.1,Marechaux et al. 2015,Tropical rainforest,-52.66666667,4.08333333,Leaf,
licania membranacea,Tree,-2.04,-2.143853333,NA,NA,NA,0.88,NA,3000,25.1,Marechaux et al. 2015,Tropical rainforest,-52.66666667,4.08333333,Leaf,
licaria guianensis,Tree,-2.168333333,-2.435053333,NA,NA,NA,0.7475,NA,3000,25.1,Marechaux et al. 2015,Tropical rainforest,-52.66666667,4.08333333,Leaf,
manilkara huberi,Tree,-2.0825,-2.36364,NA,NA,NA,0.921363636,NA,3000,25.1,Marechaux et al. 2015,Tropical rainforest,-52.66666667,4.08333333,Leaf,
manilkara huberi,Tree,-1.805,-2.13276,NA,NA,NA,0.921363636,NA,3000,25.1,Marechaux et al. 2015,Tropical rainforest,-52.66666667,4.08333333,Leaf,
minquartia guianensis,Tree,-1.178333333,-1.611373333,NA,NA,NA,0.786714286,NA,3000,25.1,Marechaux et al. 2015,Tropical rainforest,-52.66666667,4.08333333,Leaf,
neea floribunda,Tree,-1.5325,-1.90604,NA,NA,NA,0.62,NA,3000,25.1,Marechaux et al. 2015,Tropical rainforest,-52.66666667,4.08333333,Leaf,
ocotea percurrens,Tree,-1.311666667,-1.722306667,NA,NA,NA,0.519,NA,3000,25.1,Marechaux et al. 2015,Tropical rainforest,-52.66666667,4.08333333,Leaf,
perebea guianensis,Tree,-1.425833333,-1.817293333,NA,NA,NA,0.56,NA,3000,25.1,Marechaux et al. 2015,Tropical rainforest,-52.66666667,4.08333333,Leaf,
pourouma tomentosa,Tree,-1.270833333,-1.688333333,NA,NA,NA,0.395,NA,3000,25.1,Marechaux et al. 2015,Tropical rainforest,-52.66666667,4.08333333,Leaf,
pouteria cladantha,Tree,-1.556666667,-1.926146667,NA,NA,NA,0.942333333,NA,3000,25.1,Marechaux et al. 2015,Tropical rainforest,-52.66666667,4.08333333,Leaf,
pouteria filipes,Tree,-1.885,-2.19932,NA,NA,NA,0.964,NA,3000,25.1,Marechaux et al. 2015,Tropical rainforest,-52.66666667,4.08333333,Leaf,
protium opacum,Tree,-1.7875,-1.8998,NA,NA,NA,0.57,NA,3000,25.1,Marechaux et al. 2015,Tropical rainforest,-52.66666667,4.08333333,Leaf,
protium opacum,Tree,-1.336666667,-1.927533333,NA,NA,NA,0.57,NA,3000,25.1,Marechaux et al. 2015,Tropical rainforest,-52.66666667,4.08333333,Leaf,
protium opacum,Tree,-1.558333333,-2.1182,NA,NA,NA,0.57,NA,3000,25.1,Marechaux et al. 2015,Tropical rainforest,-52.66666667,4.08333333,Leaf,
protium sagotianum,Tree,-2.04,-2.23052,NA,NA,NA,0.5575,NA,3000,25.1,Marechaux et al. 2015,Tropical rainforest,-52.66666667,4.08333333,Leaf,
protium sagotianum,Tree,-2.020833333,-2.27628,NA,NA,NA,0.5575,NA,3000,25.1,Marechaux et al. 2015,Tropical rainforest,-52.66666667,4.08333333,Leaf,
protium sagotianum,Tree,-2.48,-2.32828,NA,NA,NA,0.5575,NA,3000,25.1,Marechaux et al. 2015,Tropical rainforest,-52.66666667,4.08333333,Leaf,
protium sagotianum,Tree,-1.9225,-2.312333333,NA,NA,NA,0.5575,NA,3000,25.1,Marechaux et al. 2015,Tropical rainforest,-52.66666667,4.08333333,Leaf,
protium trifoliolatum,Tree,-1.985833333,-2.34076,NA,NA,NA,0.685,NA,3000,25.1,Marechaux et al. 2015,Tropical rainforest,-52.66666667,4.08333333,Leaf,
protium trifoliolatum,Tree,-1.9775,-2.283213333,NA,NA,NA,0.685,NA,3000,25.1,Marechaux et al. 2015,Tropical rainforest,-52.66666667,4.08333333,Leaf,
qualea rosea,Tree,-1.38,-1.77916,NA,NA,NA,0.5796,NA,3000,25.1,Marechaux et al. 2015,Tropical rainforest,-52.66666667,4.08333333,Leaf,
talisia microphylla,Tree,-1.695833333,-2.041933333,NA,NA,NA,0.8165,NA,3000,25.1,Marechaux et al. 2015,Tropical rainforest,-52.66666667,4.08333333,Leaf,
tapura capitulifera,Tree,-1.238333333,-1.915053333,NA,NA,NA,0.7205,NA,3000,25.1,Marechaux et al. 2015,Tropical rainforest,-52.66666667,4.08333333,Leaf,
tapura capitulifera,Tree,-1.543333333,-1.950413333,NA,NA,NA,0.7205,NA,3000,25.1,Marechaux et al. 2015,Tropical rainforest,-52.66666667,4.08333333,Leaf,
tapura capitulifera,Tree,-1.768333333,-1.661293333,NA,NA,NA,0.7205,NA,3000,25.1,Marechaux et al. 2015,Tropical rainforest,-52.66666667,4.08333333,Leaf,
theobroma subincanum,Tree,-1.6975,-1.657133333,NA,NA,NA,0.47,NA,3000,25.1,Marechaux et al. 2015,Tropical rainforest,-52.66666667,4.08333333,Leaf,
theobroma subincanum,Tree,-3.021666667,-2.04332,NA,NA,NA,0.47,NA,3000,25.1,Marechaux et al. 2015,Tropical rainforest,-52.66666667,4.08333333,Leaf,
theobroma subincanum,Tree,-1.331666667,-1.738946667,NA,NA,NA,0.47,NA,3000,25.1,Marechaux et al. 2015,Tropical rainforest,-52.66666667,4.08333333,Leaf,
theobroma subincanum,Tree,-1.776666667,-2.109186667,NA,NA,NA,0.47,NA,3000,25.1,Marechaux et al. 2015,Tropical rainforest,-52.66666667,4.08333333,Leaf,
unonopsis rufescens,Tree,-1.069166667,-1.520546667,NA,NA,NA,0.605,NA,3000,25.1,Marechaux et al. 2015,Tropical rainforest,-52.66666667,4.08333333,Leaf,
unonopsis rufescens,Tree,-1.691666667,-1.992013333,NA,NA,NA,0.605,NA,3000,25.1,Marechaux et al. 2015,Tropical rainforest,-52.66666667,4.08333333,Leaf,
unonopsis rufescens,Tree,-1.635833333,-1.957346667,NA,NA,NA,0.605,NA,3000,25.1,Marechaux et al. 2015,Tropical rainforest,-52.66666667,4.08333333,Leaf,
vataireopsis surinamensis,Tree,-1.359166667,-1.761826667,NA,NA,NA,0.57,NA,3000,25.1,Marechaux et al. 2015,Tropical rainforest,-52.66666667,4.08333333,Leaf,
virola michelii,Tree,-1.450833333,-1.838093333,NA,NA,NA,0.470125,NA,3000,25.1,Marechaux et al. 2015,Tropical rainforest,-52.66666667,4.08333333,Leaf,
virola michelii,Tree,-1.218333333,-1.644653333,NA,NA,NA,0.470125,NA,3000,25.1,Marechaux et al. 2015,Tropical rainforest,-52.66666667,4.08333333,Leaf,
vouacapoua americana,Tree,-1.534166667,-2.499533333,NA,NA,NA,0.793625,NA,3000,25.1,Marechaux et al. 2015,Tropical rainforest,-52.66666667,4.08333333,Leaf,
vouacapoua americana,Tree,-1.704166667,-2.048866667,NA,NA,NA,0.793625,NA,3000,25.1,Marechaux et al. 2015,Tropical rainforest,-52.66666667,4.08333333,Leaf,
vouacapoua americana,Tree,-2.245833333,-2.104333333,NA,NA,NA,0.793625,NA,3000,25.1,Marechaux et al. 2015,Tropical rainforest,-52.66666667,4.08333333,Leaf,
vouacapoua americana,Tree,-1.770833333,-2.063426667,NA,NA,NA,0.793625,NA,3000,25.1,Marechaux et al. 2015,Tropical rainforest,-52.66666667,4.08333333,Leaf,
vouacapoua americana,Tree,-1.86,-1.907426667,NA,NA,NA,0.793625,NA,3000,25.1,Marechaux et al. 2015,Tropical rainforest,-52.66666667,4.08333333,Leaf,
vouacapoua americana,Tree,-0.975833333,-2.256866667,NA,NA,NA,0.793625,NA,3000,25.1,Marechaux et al. 2015,Tropical rainforest,-52.66666667,4.08333333,Leaf,
arrabidaea pubescens(rbcl) / fridericia pubescens(trnl),Liana,NA,-1.69,NA,NA,NA,NA,17.49,3000,25.1,Maréchaux unpublished data,Tropical rainforest,-52.666667,4.08333333,Leaf,
arrabidaea pubescens(rbcl) / fridericia pubescens(trnl),Liana,NA,-1.79,NA,NA,NA,NA,19.53,3000,25.1,Maréchaux unpublished data,Tropical rainforest,-52.666667,4.08333333,Leaf,
arrabidaea pubescens(rbcl) / fridericia pubescens(trnl),Liana,NA,-1.87,NA,NA,NA,NA,17.01,3000,25.1,Maréchaux unpublished data,Tropical rainforest,-52.666667,4.08333333,Leaf,
bauhinia,Liana,NA,-1.66,NA,NA,NA,0.67,19.38,3000,25.1,Maréchaux unpublished data,Tropical rainforest,-52.666667,4.08333333,Leaf,
bauhinia guianensis,Liana,NA,-1.85,NA,NA,NA,NA,9.14,3000,25.1,Maréchaux unpublished data,Tropical rainforest,-52.666667,4.08333333,Leaf,
bauhinia hymenaeifolia,Liana,NA,-1.81,NA,NA,NA,NA,6.76,3000,25.1,Maréchaux unpublished data,Tropical rainforest,-52.666667,4.08333333,Leaf,
bauhinia hymenaeifolia,Liana,NA,-1.57,NA,NA,NA,NA,7.89,3000,25.1,Maréchaux unpublished data,Tropical rainforest,-52.666667,4.08333333,Leaf,
bignonia capreolata(rbcl) / galactia striata(trnl),Liana,NA,-1.38,NA,NA,NA,NA,27.28,3000,25.1,Maréchaux unpublished data,Tropical rainforest,-52.666667,4.08333333,Leaf,
canavalia rosea cfdioclea(rbcl) / galactia striata(trnl),Liana,NA,-1.27,NA,NA,NA,NA,21.6,3000,25.1,Maréchaux unpublished data,Tropical rainforest,-52.666667,4.08333333,Leaf,
canavalia rosea cfdioclea(rbcl) / galactia striata(trnl),Liana,NA,-1.83,NA,NA,NA,NA,9.25,3000,25.1,Maréchaux unpublished data,Tropical rainforest,-52.666667,4.08333333,Leaf,
canavalia rosea cfdioclea(rbcl) / galactia striata(trnl),Liana,NA,-1.62,NA,NA,NA,NA,13.01,3000,25.1,Maréchaux unpublished data,Tropical rainforest,-52.666667,4.08333333,Leaf,
canavalia rosea cfdioclea(rbcl) / galactia striata(trnl),Liana,NA,-1.3,NA,NA,NA,NA,15.99,3000,25.1,Maréchaux unpublished data,Tropical rainforest,-52.666667,4.08333333,Leaf,
canavalia rosea cfdioclea(rbcl) / galactia striata(trnl),Liana,NA,-1.73,NA,NA,NA,NA,13.77,3000,25.1,Maréchaux unpublished data,Tropical rainforest,-52.666667,4.08333333,Leaf,
clusia,Liana,NA,-1.64,NA,NA,NA,NA,4.09,3000,25.1,Maréchaux unpublished data,Tropical rainforest,-52.666667,4.08333333,Leaf,
clusia,Liana,NA,-1.9,NA,NA,NA,NA,4.4,3000,25.1,Maréchaux unpublished data,Tropical rainforest,-52.666667,4.08333333,Leaf,
coccoloba uvifera,Liana,NA,-1.68,NA,NA,NA,0.7,21.63,3000,25.1,Maréchaux unpublished data,Tropical rainforest,-52.666667,4.08333333,Leaf,
coccoloba uvifera,Liana,NA,-1.12,NA,NA,NA,0.7,13.81,3000,25.1,Maréchaux unpublished data,Tropical rainforest,-52.666667,4.08333333,Leaf,
dicranostyles mildbraediana,Liana,NA,-1.34,NA,NA,NA,NA,17.46,3000,25.1,Maréchaux unpublished data,Tropical rainforest,-52.666667,4.08333333,Leaf,
dicranostyles mildbraediana,Liana,NA,-1.56,NA,NA,NA,NA,7.96,3000,25.1,Maréchaux unpublished data,Tropical rainforest,-52.666667,4.08333333,Leaf,
ficus,Liana,NA,-1.55,NA,NA,NA,0.54,7.59,3000,25.1,Maréchaux unpublished data,Tropical rainforest,-52.666667,4.08333333,Leaf,
fridericia pubescens,Liana,NA,-1.62,NA,NA,NA,NA,14.8,3000,25.1,Maréchaux unpublished data,Tropical rainforest,-52.666667,4.08333333,Leaf,
fridericia pubescens,Liana,NA,-1.46,NA,NA,NA,NA,15.09,3000,25.1,Maréchaux unpublished data,Tropical rainforest,-52.666667,4.08333333,Leaf,
heteropterys chrysophylla,Liana,NA,-1.07,NA,NA,NA,NA,17.5,3000,25.1,Maréchaux unpublished data,Tropical rainforest,-52.666667,4.08333333,Leaf,
hiraea smilacina(rbcl) / flabellariopsis acuminata(trnl),Liana,NA,-1.81,NA,NA,NA,NA,17.5,3000,25.1,Maréchaux unpublished data,Tropical rainforest,-52.666667,4.08333333,Leaf,
inga sp.(rbcl) / inga leiocalycina(trnl),Liana,NA,-1.44,NA,NA,NA,0.56,8.06,3000,25.1,Maréchaux unpublished data,Tropical rainforest,-52.666667,4.08333333,Leaf,
macfadyena unguis-cati,Liana,NA,-1.09,NA,NA,NA,NA,13.75,3000,25.1,Maréchaux unpublished data,Tropical rainforest,-52.666667,4.08333333,Leaf,
macfadyena unguis-cati(rbcl) / adenocalymma moringifolium(trnl),Liana,NA,-2.15,NA,NA,NA,NA,10.71,3000,25.1,Maréchaux unpublished data,Tropical rainforest,-52.666667,4.08333333,Leaf,
macfadyena unguis-cati(rbcl) / stizophyllum perforatum(trnl),Liana,NA,-1.98,NA,NA,NA,NA,7.37,3000,25.1,Maréchaux unpublished data,Tropical rainforest,-52.666667,4.08333333,Leaf,
mandevilla sanderi(rbcl) / forsteronia acouci(trnl),Liana,NA,-1.97,NA,NA,NA,NA,9.89,3000,25.1,Maréchaux unpublished data,Tropical rainforest,-52.666667,4.08333333,Leaf,
millettia grandis,Liana,NA,-1.53,NA,NA,NA,NA,11.9,3000,25.1,Maréchaux unpublished data,Tropical rainforest,-52.666667,4.08333333,Leaf,
musanga cecropioides(rbcl) / pourouma tomentosa(trnl),Liana,NA,-1.43,NA,NA,NA,0.395,2.51,3000,25.1,Maréchaux unpublished data,Tropical rainforest,-52.666667,4.08333333,Leaf,
petrea volubilis,Liana,NA,-1.72,NA,NA,NA,NA,8.26,3000,25.1,Maréchaux unpublished data,Tropical rainforest,-52.666667,4.08333333,Leaf,
serjania communis(rbcl) / paullinia meliifolia(trnl),Liana,NA,-1.34,NA,NA,NA,NA,33.83,3000,25.1,Maréchaux unpublished data,Tropical rainforest,-52.666667,4.08333333,Leaf,
serjania glabrata,Liana,NA,-1.44,NA,NA,NA,NA,16.56,3000,25.1,Maréchaux unpublished data,Tropical rainforest,-52.666667,4.08333333,Leaf,
serjania polyphylla(rbcl) / paullinia meliifolia(trnl),Liana,NA,-1.85,NA,NA,NA,NA,20.58,3000,25.1,Maréchaux unpublished data,Tropical rainforest,-52.666667,4.08333333,Leaf,
solanum sp.,Liana,NA,-1.47,NA,NA,NA,NA,13,3000,25.1,Maréchaux unpublished data,Tropical rainforest,-52.666667,4.08333333,Leaf,
bignoniaceae,Liana,NA,-1.71,NA,NA,NA,NA,17.18,3000,25.1,Maréchaux unpublished data,Tropical rainforest,-52.666667,4.08333333,Leaf,
anacardium excelsum,Tree,-0.811958553,-0.995,NA,NA,NA,0.384560171,10.78134125,2233,26,McCulloh et al. 2012,Tropical rainforest,-79,9,Leaf,
miconia argentea,Tree,-1.504161712,-1.81,NA,NA,NA,0.541821562,NA,2233,26,McCulloh et al. 2012,Tropical rainforest,-79,9,Leaf,
aspidosperma cruenta,Tree,-2.32986071,-2.782178,NA,NA,0.044,0.74,NA,3100,26.6,Meinzer et al 2008,Tropical rainforest,-80.001385,9.322863,Leaf,
chrysophllum cainito,Tree,-2.430152331,-2.900261354,NA,NA,0.064,0.66,NA,1800,27,Meinzer et al 2008,Tropical rainforest,-79.54694444,8.98561944,Leaf,
ficus insipida,Tree,-1.69802898,-2.038259321,NA,NA,0.151,0.4,NA,1800,27,Meinzer et al 2008,Tropical rainforest,-79.54694444,8.98561944,Leaf,
manilkara bidentata,Tree,-2.558541164,-3.051426366,NA,NA,0.053,0.67,NA,3100,26.6,Meinzer et al 2008,Tropical rainforest,-80.001385,9.322863,Leaf,
protium panamense,Tree,-2.228362288,-2.662673758,NA,NA,0.065,0.62,NA,3100,26.6,Meinzer et al 2008,Tropical rainforest,-80.001385,9.322863,Leaf,
tachigalia versicolor,Tree,-1.955507622,-2.341414674,NA,NA,0.069,0.64,NA,3100,26.6,Meinzer et al 2008,Tropical rainforest,-80.001385,9.322863,Leaf,
tapirira guianensis,Tree,-1.825723328,-2.188606647,NA,NA,0.071,0.5,NA,3100,26.6,Meinzer et al 2008,Tropical rainforest,-80.001385,9.322863,Leaf,
trattinnickia aspera,Tree,-2.121411619,-2.53675004,NA,NA,NA,0.57,NA,3100,26.6,Meinzer et al 2008,Tropical rainforest,-80.001385,9.322863,Leaf,
vochysia ferruginea,Tree,-1.921250695,-2.301080569,NA,NA,0.077,0.56,NA,3100,26.6,Meinzer et al 2008,Tropical rainforest,-80.001385,9.322863,Leaf,
coffea arabica,Tree,-1.48,-1.82,NA,NA,NA,0.62,NA,588,24.1,Meinzer et al. 1990,Tropical rainforest,-158.0333333,21.35,Leaf,
astronium graveolens,Tree,-1.15,-2.07,NA,NA,NA,0.867692308,16.97792869,903,21.1,Olivares & Medina 1992,Tropical seasonal forest,-66.892248,10.495062,Leaf,
bursera simaruba,Tree,-0.55,-0.69,NA,NA,NA,0.305,15.31393568,903,21.1,Olivares & Medina 1992,Tropical seasonal forest,-66.892248,10.495062,Leaf,
sapindus saponaria,Tree,-1.58,-2.14,NA,NA,NA,0.71225,19.49317739,903,21.1,Olivares & Medina 1992,Tropical seasonal forest,-66.892248,10.495062,Leaf,
tabebuia chrysantha,Tree,-0.99,-1.49,NA,NA,NA,1.043333333,22.37136465,903,21.1,Olivares & Medina 1992,Tropical seasonal forest,-66.892248,10.495062,Leaf,
byrsonima sericea,Tree,-1.54,-2.03,NA,9.45,NA,0.78,NA,1074,1200,Rosado & De Mattos 2010,Tropical seasonal forest,-41.41666667,-22.2,Leaf,
maytenus obtusifolia,Tree,-2.6,-3.08,NA,19.06,NA,0.75,NA,1074,1200,Rosado & De Mattos 2010,Tropical seasonal forest,-41.41666667,-22.2,Leaf,
ternstroemia brasiliensis,Tree,-1.55,-1.88,NA,9.27,NA,0.47,NA,1074,1200,Rosado & De Mattos 2010,Tropical seasonal forest,-41.41666667,-22.2,Leaf,
hymenosporum flavum,Tree,-1.38,-2.06,NA,5.88,NA,0.607,NA,389,17.5,Scoffoni et al. 2008,Tropical rainforest,-118.446152,34.068858,Leaf,
bauhinia variegata,Tree,-1.54,-1.93,72,5.04,NA,0.653,13.12335958,1233,20.3,Shrestha et al. 2008,Tropical seasonal forest,85.641074,27.61922,Leaf,
cupressus torulosa,Tree,-0.53,-0.81,88.7,NA,NA,0.44,NA,1653,13.2,Singh et al. 2006,Tropical seasonal forest,79.45,29.38333333,Leaf,
rhododendron arboreum,Tree,-1.49,-1.74,91.8,NA,NA,0.491,NA,1653,13.2,Singh et al. 2006,Tropical seasonal forest,79.45,29.38333333,Leaf,
shorea robusta,Tree,-1.58,-2.04,85.5,NA,NA,0.73,10.23292992,1653,13.2,Singh et al. 2006,Tropical seasonal forest,79.45,29.38333333,Leaf,
capparis verrucosa,Tree,-2.97,-3.65,NA,14.4,NA,0.86,8.896797153,900,22.1,Sobrado 1986,Tropical seasonal forest,-67.05,10.25,Leaf,
morisonia americana,Tree,-3.28,-4.08,NA,13.9,NA,0.88,6.798096533,900,22.1,Sobrado 1986,Tropical seasonal forest,-67.05,10.25,Leaf,
coursetia ferruginea,Tree,-1.97,-2.46,NA,7.34,NA,0.85,26.9541779,900,22.1,Sobrado 1986; Sobrado 1993,Tropical seasonal forest,-67.05,10.25,Leaf,
lonchocarpus dipteroneurus,Tree,-1.84,-2.32,NA,9.54,NA,0.6,24.06639004,1097,22.1,Sobrado 1986; Sobrado 1993,Tropical seasonal forest,-67.05,10.25,Leaf,
mansoa verrucifera,Tree,-2.23,-2.51,NA,9.94,NA,NA,17.51313485,1097,22.1,Sobrado 1986; Sobrado 1993,Tropical seasonal forest,-67.05,10.25,Leaf,
morisonia americana,Tree,-3.28,-4.08,NA,13.9,NA,0.6,6.638217166,1097,22.1,Sobrado 1986; Sobrado 1993,Tropical seasonal forest,-67.05,10.25,Leaf,
catostemma sancarlosianum,Tree,-1.6,-1.89,95.44,NA,NA,0.67,NA,3500,26.2,Sobrado 2009,Tropical rainforest,-67.05,1.9,Leaf,
heteropterys sp.,Tree,-1.35,-1.97,78.16,NA,NA,0.61,NA,3500,26.2,Sobrado 2009,Tropical rainforest,-67.05,1.9,Leaf,
pachira sordida,Tree,-1.55,-1.98,92.2,NA,NA,0.63,NA,3500,26.2,Sobrado 2009,Tropical rainforest,-67.05,1.9,Leaf,
remijia morilloi,Tree,-1.41,-1.95,82.62,NA,NA,0.61,2.818382931,3500,26.2,Sobrado 2009,Tropical rainforest,-67.05,1.9,Leaf,
retiniphyllum concolor,Tree,-1.5,-1.87,86.88,NA,NA,0.55,6.165950019,3500,26.2,Sobrado 2009,Tropical rainforest,-67.05,1.9,Leaf,
caryocar glabrum,Tree,-1.09,-1.28,90,NA,NA,0.653571429,NA,3500,26.2,Sobrado 2012,Tropical rainforest,-67.05,1.9,Leaf,
eperua leucantha,Tree,-1.19,-1.36,88,NA,NA,NA,9.54992586,3500,26.2,Sobrado 2012,Tropical rainforest,-67.05,1.9,Leaf,
micranda sprucei,Tree,-0.75,-1.12,75,NA,NA,NA,NA,3500,26.2,Sobrado 2012,Tropical rainforest,-67.05,1.9,Leaf,
ocotea aciphylla,Tree,-1.29,-1.5,89,NA,NA,0.5105,NA,3500,26.2,Sobrado 2012,Tropical rainforest,-67.05,1.9,Leaf,
alseis blackiana,Tree,-1.14425766,-2.04,NA,NA,NA,0.535989568,35,2600,26.5,Tobin et al. 1999,Tropical rainforest,-79.85,9.15,Leaf,
hybanthus prunifolius,Tree,-1.218507321,-1.74,NA,NA,NA,0.67,30.8,2600,26.5,Tobin et al. 1999,Tropical rainforest,-79.85,9.15,Leaf,
licania platypus,Tree,-1.142937361,-1.41,NA,NA,NA,0.62,14.7,2600,26.5,Tobin et al. 1999,Tropical rainforest,-79.85,9.15,Leaf,
ouratea lucens,Tree,-1.622856426,-1.84,NA,NA,NA,0.726990909,12.3,2600,26.5,Tobin et al. 1999,Tropical rainforest,-79.85,9.15,Leaf,
psychotria horizontalis,Tree,-1.013010062,-1.86,NA,NA,NA,0.56362,23.1,2600,26.5,Tobin et al. 1999,Tropical rainforest,-79.85,9.15,Leaf,
swartzia simplex,Tree,-1.621530637,-1.88,NA,NA,NA,0.841537052,15.7,2600,26.5,Tobin et al. 1999,Tropical rainforest,-79.85,9.15,Leaf,
balfourodendron riedelianum,Tree,-1.86,-2.27,NA,NA,NA,0.666457143,18.83239171,2000,20.7,Villagra et al. 2013,Tropical rainforest,-54.33333333,-25.61666667,Leaf,
cedrela fissilis,Tree,-1,-1.28,NA,NA,NA,0.4666,31.25,2000,20.7,Villagra et al. 2013,Tropical rainforest,-54.33333333,-25.61666667,Leaf,
cordia americana,Tree,-1.36,-1.58,NA,NA,NA,0.688,17.57469244,2000,20.7,Villagra et al. 2013,Tropical rainforest,-54.33333333,-25.61666667,Leaf,
maclura tinctoria,Tree,-1.55,-1.85,NA,NA,NA,0.794526667,23.98081535,2000,20.7,Villagra et al. 2013,Tropical rainforest,-54.33333333,-25.61666667,Leaf,
peltophorum dubium,Tree,-1.1,-1.36,NA,NA,NA,0.74388,32.78688525,2000,20.7,Villagra et al. 2013,Tropical rainforest,-54.33333333,-25.61666667,Leaf,
bowdichia virgilioides,Tree,-2.09,-2.5,82.5,18.25,NA,0.91,5.952380952,1240.7,20.3,Wenhui 1998,Tropical seasonal forest,-43.75,-22.25,Leaf,
caryocar brasiliense,Tree,-1.71,-2.2,84.8,11.34,NA,0.65,8.474576271,1240.7,20.3,Wenhui 1998,Tropical seasonal forest,-43.75,-22.25,Leaf,
casearia sylvestris,Tree,-2.46,-2.73,90.7,26.27,NA,0.705,15.92356688,1240.7,20.3,Wenhui 1998,Tropical seasonal forest,-43.75,-22.25,Leaf,
connarus suberosus,Tree,-2.25,-2.63,91.7,18.01,NA,0.45,6.711409396,1240.7,20.3,Wenhui 1998,Tropical seasonal forest,-43.75,-22.25,Leaf,
piptocarpha rotundifolia,Tree,-1.4,-1.75,89.8,10.86,NA,0.65,6.25,1240.7,20.3,Wenhui 1998,Tropical seasonal forest,-43.75,-22.25,Leaf,
bursera simarouba,Tree,-0.98,-1.27,70.9,6.49,0.11,0.36,12.76,1955,25,Werden et al 2018,Tropical seasonal forest,-85.594,10.718,Leaf,
casearia corymbosa,Tree,-1.37,-2.33,62.51,5.65,0.13,0.61,12.66,1955,25,Werden et al 2018,Tropical seasonal forest,-85.594,10.718,Leaf,
casearia sylvestris,Tree,-2.17,-2.68,67.31,7.88,0.11,0.64,21.41,1955,25,Werden et al 2018,Tropical seasonal forest,-85.594,10.718,Leaf,
cissus fuliginea,Liana,-0.78,-1.22,79.96,4.67,0.18,0.2,14.83,1955,25,Werden et al 2018,Tropical seasonal forest,-85.594,10.718,Leaf,
cochlospermum vitifolium,Tree,-1.21,-1.77,65.29,4.99,0.18,0.18,17.6,1955,25,Werden et al 2018,Tropical seasonal forest,-85.594,10.718,Leaf,
combretum farinosum,Liana,-1.61,-2.38,61.16,5.87,0.28,0.57,18.34,1955,25,Werden et al 2018,Tropical seasonal forest,-85.594,10.718,Leaf,
crescentia alata,Tree,-2.99,-3.86,59.92,8.07,0.1,0.55,8.33,1955,25,Werden et al 2018,Tropical seasonal forest,-85.594,10.718,Leaf,
cupania guatemalensis,Tree,-2.09,-2.28,54.85,8.54,0.11,0.6,15.45,1955,25,Werden et al 2018,Tropical seasonal forest,-85.594,10.718,Leaf,
cydista diversifolia,Liana,-1.94,-2.13,66.38,13.83,0.11,0.55,30.4,1955,25,Werden et al 2018,Tropical seasonal forest,-85.594,10.718,Leaf,
enterolobium cyclocarpum,Tree,-2.09,-2.59,60.9,8.72,0.1,0.38,7,1955,25,Werden et al 2018,Tropical seasonal forest,-85.594,10.718,Leaf,
gouania polygama,Liana,-1,-1.31,73.15,2.89,0.28,0.5,39.47,1955,25,Werden et al 2018,Tropical seasonal forest,-85.594,10.718,Leaf,
guazuma ulmifolia,Tree,-1.61,-2.04,61.18,6.62,0.12,0.74,13.34,1955,25,Werden et al 2018,Tropical seasonal forest,-85.594,10.718,Leaf,
hymenea courbaril,Tree,-1.47,-1.68,57.01,13.52,0.07,0.84,11.68,1955,25,Werden et al 2018,Tropical seasonal forest,-85.594,10.718,Leaf,
maclura tinctoria,Tree,-2.01,-2.59,69.65,21.3,0.05,0.78,18.12,1955,25,Werden et al 2018,Tropical seasonal forest,-85.594,10.718,Leaf,
mansoa hymenaea,Liana,-1.64,-1.75,64.63,17.71,0.14,0.39,21.26,1955,25,Werden et al 2018,Tropical seasonal forest,-85.594,10.718,Leaf,
mimosa tenuiflora,Liana,-1.45,-3.17,53.73,4.2,0.27,0.5,NA,1955,25,Werden et al 2018,Tropical seasonal forest,-85.594,10.718,Leaf,
myrospermum frutescens,Tree,-2.03,-2.4,72.1,5.68,0.21,0.68,27.69,1955,25,Werden et al 2018,Tropical seasonal forest,-85.594,10.718,Leaf,
piscidia carthagenensis,Tree,-1.88,-2.4,69.21,5.02,0.18,0.64,14.15,1955,25,Werden et al 2018,Tropical seasonal forest,-85.594,10.718,Leaf,
semialarium mexicanum,Tree,-1.31,-1.81,75.28,5.6,0.17,0.51,18.73,1955,25,Werden et al 2018,Tropical seasonal forest,-85.594,10.718,Leaf,
tabebuia rosea,Tree,-1.5,-1.88,57.49,7.27,0.12,0.53,9.13,1955,25,Werden et al 2018,Tropical seasonal forest,-85.594,10.718,Leaf,
tetracera volubilis,Liana,-1.48,-2.29,NA,3.4,0.19,0.56,22.28,1955,25,Werden et al 2018,Tropical seasonal forest,-85.594,10.718,Leaf,
baccaurea ramiflora,Tree,-0.74,-1,NA,NA,NA,0.56,NA,1379,21.4,Zhu & Cao 2009,Tropical rainforest,101.7666667,21.9,Leaf,Wet season
baccaurea ramiflora,Tree,-1.4,-1.56,NA,NA,NA,0.56,NA,1379,21.4,Zhu & Cao 2009,Tropical rainforest,101.7666667,21.9,Leaf,Dry season
bauhinia variegate,Tree,-1.03,-1.15,NA,NA,NA,0.51,NA,1379,21.4,Zhu & Cao 2009,Tropical rainforest,101.7666667,21.9,Leaf,Wet season
bauhinia variegate,Tree,-1.52,-1.7,NA,NA,NA,0.51,NA,1379,21.4,Zhu & Cao 2009,Tropical rainforest,101.7666667,21.9,Leaf,Dry season
quisqualis indica,Liana,-0.92,-1.37,NA,NA,NA,0.5,24.54708916,1379,21.4,Zhu & Cao 2009,Tropical rainforest,101.7666667,21.9,Leaf,Wet season
quisqualis indica,Liana,-1.32,-1.43,NA,NA,NA,0.5,24.54708916,1379,21.4,Zhu & Cao 2009,Tropical rainforest,101.7666667,21.9,Leaf,Dry season
syzygium szemaoense,Tree,-1,-1.28,NA,NA,NA,0.52,NA,1379,21.4,Zhu & Cao 2009,Tropical rainforest,101.7666667,21.9,Leaf,Wet season
syzygium szemaoense,Tree,-1.56,-1.77,NA,NA,NA,0.52,NA,1379,21.4,Zhu & Cao 2009,Tropical rainforest,101.7666667,21.9,Leaf,Dry season
millettia pachycarpa,Liana,-1.12,-1.55,NA,NA,NA,0.49,9.85,1379,21.4,Zhu & Cao 2009 + Cai & Bongers 2007,Tropical rainforest,101.7666667,21.9,Leaf,Wet season
millettia pachycarpa,Liana,-1.34,-1.49,NA,NA,NA,0.49,9.85,1379,21.4,Zhu & Cao 2009 + Cai & Bongers 2007,Tropical rainforest,101.7666667,21.9,Leaf,Dry season
combretum latifolium,Liana,-0.72,-1.16,NA,NA,NA,0.46,7.43,1379,21.4,Zhu & Cao 2009 + Cai et al. 2009,Tropical rainforest,101.7666667,21.9,Leaf,Wet season
combretum latifolium,Liana,-1.16,-1.42,NA,NA,NA,0.46,7.43,1379,21.4,Zhu & Cao 2009 + Cai et al. 2009,Tropical rainforest,101.7666667,21.9,Leaf,Dry season
albizia guachapele,Tree,-1.966987411,-2.1576697,96.14662584,22.25748995,11.90984038,0.513,NA,960,12.7,Borchert & Pockman 2005,Tropical seasonal forest,-95.255601,38.954074,Xylem,
calycophyllum candidissimum,Tree,-2.61794355,-2.904004036,96.98699542,26.57661235,5.679491184,0.697,NA,960,12.7,Borchert & Pockman 2005,Tropical seasonal forest,-95.255601,38.954074,Xylem,
simarouba glauca,Tree,-1.831068484,-2.080381587,95.74155883,15.27926575,14.29496799,0.464535059,NA,960,12.7,Borchert & Pockman 2005,Tropical seasonal forest,-95.255601,38.954074,Xylem,
spondias purpurea,Tree,-1.433891008,-1.523878946,97.86366791,24.28188014,11.0149605,0.33,NA,960,12.7,Borchert & Pockman 2005,Tropical seasonal forest,-95.255601,38.954074,Xylem,
balfourodendron riedelianum,Tree,-1.504195159,-1.765703888,95.72578447,10.15831512,13.84766082,0.659035123,NA,2000,21,Carrasco et al. 2014,Subtropical Forest,-54.13333333,-25.51666667,Xylem,
cabralea canjerana,Tree,-0.901121087,-1.037239621,91.33636076,6.880209635,54.88725821,0.528022175,NA,2000,21,Carrasco et al. 2014,Subtropical Forest,-54.13333333,-25.51666667,Xylem,
cedrela fissilis,Tree,-0.528824146,-0.609459516,90.76039196,4.144372386,103.2156417,0.491526273,NA,2000,21,Carrasco et al. 2014,Subtropical Forest,-54.13333333,-25.51666667,Xylem,
ceiba speciosa,Tree,-0.506830785,-0.560636897,81.63271772,5.281215887,262.0336416,0.30827275,NA,2000,21,Carrasco et al. 2014,Subtropical Forest,-54.13333333,-25.51666667,Xylem,
chrysophyllum gonocarpum,Tree,-1.155500354,-1.344317635,95.14157865,8.271638832,22.17600802,0.59504569,NA,2000,21,Carrasco et al. 2014,Subtropical Forest,-54.13333333,-25.51666667,Xylem,
cordia trichotoma,Tree,-1.983728804,-2.345513715,93.18416055,12.86422478,19.47222572,0.508058826,NA,2000,21,Carrasco et al. 2014,Subtropical Forest,-54.13333333,-25.51666667,Xylem,
holocalyx balansae,Tree,-0.755833847,-0.836263697,95.71107,7.865642864,22.70262928,0.858303343,NA,2000,21,Carrasco et al. 2014,Subtropical Forest,-54.13333333,-25.51666667,Xylem,
lonchocarpus muehlbergianus,Tree,-0.759075552,-0.834566828,97.50319997,8.391688743,16.36263418,0.697730064,NA,2000,21,Carrasco et al. 2014,Subtropical Forest,-54.13333333,-25.51666667,Xylem,
ocotea diospyrifolia,Tree,-1.637154042,-1.935477671,90.27415516,10.62160281,32.61183584,0.540559839,NA,2000,21,Carrasco et al. 2014,Subtropical Forest,-54.13333333,-25.51666667,Xylem,
parapiptadenia rigida,Tree,-0.667078856,-0.738389516,97.48805384,6.912400802,17.29205215,0.757215075,NA,2000,21,Carrasco et al. 2014,Subtropical Forest,-54.13333333,-25.51666667,Xylem,
anacardium excelsum,Tree,-0.38,-0.96,57.94,0.6,388.42,0.35,8.47,1865,27,De Guzman et al. 2016 + unpublished data,Tropical rainforest,-79.55,8.98333333,Xylem,
annona spraguei,Tree,-0.24,-1.43,22.7,1.57,618.94,0.27,15.3,1865,27,De Guzman et al. 2016 + unpublished data,Tropical rainforest,-79.55,8.98333333,Xylem,
antirrhea trichantha,Tree,-0.92,-2.66,44,1.21,213.93,0.37,15.7,1865,27,De Guzman et al. 2016 + unpublished data,Tropical rainforest,-79.55,8.98333333,Xylem,
arrabidaea pattellifera,Liana,-0.22,-1.29,33.76,0.64,589.57,0.41,14.8,1865,27,De Guzman et al. 2016 + unpublished data,Tropical rainforest,-79.55,8.98333333,Xylem,
astronium graveolens,Tree,-0.88,-2.82,54.62,1.56,171.4,0.41,14.1,1865,27,De Guzman et al. 2016 + unpublished data,Tropical rainforest,-79.55,8.98333333,Xylem,
combretum fruticosum,Liana,-0.82,-2.04,47.47,1.2,215.96,0.54,15.9,1865,27,De Guzman et al. 2016 + unpublished data,Tropical rainforest,-79.55,8.98333333,Xylem,
cordia alliodora,Tree,-0.74,-1.78,39.13,0.92,347.64,0.37,NA,1865,27,De Guzman et al. 2016 + unpublished data,Tropical rainforest,-79.55,8.98333333,Xylem,
doliocarpus dentatus,Liana,-1.2,-1.96,61.97,2.67,133.72,0.4,13.7,1865,27,De Guzman et al. 2016 + unpublished data,Tropical rainforest,-79.55,8.98333333,Xylem,
hiraea reclinata,Liana,-0.31,-1.13,38.83,0.68,503.96,0.65,10.5,1865,27,De Guzman et al. 2016 + unpublished data,Tropical rainforest,-79.55,8.98333333,Xylem,
luehea seemannii,Tree,-0.66,-2.3,49,0.89,195.07,0.27,16.1,1865,27,De Guzman et al. 2016 + unpublished data,Tropical rainforest,-79.55,8.98333333,Xylem,
mikania leiostacya,Liana,-0.49,-1.63,35.03,1,459.13,0.22,21.2,1865,27,De Guzman et al. 2016 + unpublished data,Tropical rainforest,-79.55,8.98333333,Xylem,
serjania mexicana,Liana,-1.04,-2.24,50.28,1.58,209.33,0.33,12.9,1865,27,De Guzman et al. 2016 + unpublished data,Tropical rainforest,-79.55,8.98333333,Xylem,
blepharocalyx salicifolius,Tree,NA,NA,NA,NA,47,0.55,NA,1500,21,Domec et al. 2006a,Tropical seasonal forest,-47.88333333,-15.93333333,Xylem,
byrsonima crassa,Tree,NA,NA,NA,NA,60,0.52,NA,1500,21,Domec et al. 2006a,Tropical seasonal forest,-47.88333333,-15.93333333,Xylem,
kielmeyera coriacea,Tree,NA,NA,NA,NA,66,0.66,4.897788194,1500,21,Domec et al. 2006a,Tropical seasonal forest,-47.88333333,-15.93333333,Xylem,
qualea parviflora,Tree,NA,NA,NA,NA,171,0.28,NA,1500,21,Domec et al. 2006a,Tropical seasonal forest,-47.88333333,-15.93333333,Xylem,
ochroma pyramidale,Tree,-0.693734937,-0.882677991,74.68506734,3.240894792,251.4128818,0.19,NA,2600,26.27266667,Machado & Tyree 1994,Tropical rainforest,-79.846036,9.166666667,Xylem,
ochroma pyramidale,Tree,NA,NA,NA,NA,95,0.19,NA,2600,26.27266667,Machado & Tyree 1994,Tropical rainforest,-79.846036,9.166666667,Xylem,
pseudobombax septenatum,Tree,-0.984171669,-1.137595182,84.82825673,7.297375299,111.7163481,0.25,7.762471166,2600,26.27266667,Machado & Tyree 1994,Tropical rainforest,-79.846036,9.166666667,Xylem,
pseudobombax septenatum,Tree,NA,NA,NA,NA,60,0.25,7.762471166,2600,26.27266667,Machado & Tyree 1994,Tropical rainforest,-79.846036,9.166666667,Xylem,
anacardium excelsum,Tree,NA,NA,NA,NA,300,0.39,10.83926914,1800,26.88333333,Meinzer et al. 2003,Tropical seasonal forest,-79.85,9.166666667,Xylem,
cordia alliodora,Tree,NA,NA,NA,NA,80,0.52,NA,1800,26.88333333,Meinzer et al. 2003,Tropical seasonal forest,-79.85,9.166666667,Xylem,
ficus insipida,Tree,NA,NA,NA,NA,230,0.29,NA,1800,26.88333333,Meinzer et al. 2003,Tropical seasonal forest,-79.85,9.166666667,Xylem,
schefflera morototoni,Tree,NA,NA,NA,NA,415,0.28,NA,1800,26.88333333,Meinzer et al. 2003,Tropical seasonal forest,-79.85,9.166666667,Xylem,
anacardium excelsum,Tree,-1.16986601,-1.325050278,74.63034645,9.988971869,142.9625863,0.390097712,10.83926914,1800,27,Meinzer et al. 2008,Tropical rainforest,-79.54694444,8.98561944,Xylem,
cordia alliodora,Tree,-2.50714251,-2.94416607,77.13381857,16.8902654,51.42868505,0.520247451,NA,1800,27,Meinzer et al. 2008,Tropical rainforest,-79.54694444,8.98561944,Xylem,
ficus insipida,Tree,-1.402026237,-1.625012782,81.94395952,10.21725572,82.24273705,0.400137312,NA,1800,27,Meinzer et al. 2008,Tropical rainforest,-79.54694444,8.98561944,Xylem,
ficus insipida,Tree,NA,NA,NA,NA,262,0.376555556,NA,1800,26.88333333,Meinzer et al. 2008,Tropical seasonal forest,-79.85,9.166666667,Xylem,
manilkara bidentata,Tree,-2.207955626,-2.565804274,85.91474015,15.83122366,31.18344299,0.665210733,NA,3100,26.6,Meinzer et al. 2008,Tropical rainforest,-80.001385,9.322863,Xylem,
manilkara bidentata,Tree,NA,NA,NA,NA,153,0.872933333,NA,3100,26.08433333,Meinzer et al. 2008,Tropical rainforest,-79.975,9.283333333,Xylem,
protium panamense,Tree,NA,NA,NA,NA,282,0.452333333,NA,3100,26.08433333,Meinzer et al. 2008,Tropical rainforest,-79.975,9.283333333,Xylem,
schefflera morototoni,Tree,-0.761620645,-0.86,78.89237559,6.657837465,200.8621236,0.279688601,NA,1800,27,Meinzer et al. 2008,Tropical rainforest,-79.54694444,8.98561944,Xylem,
tachigali versicolor,Tree,NA,NA,NA,NA,302,0.521,NA,3100,26.08433333,Meinzer et al. 2008,Tropical rainforest,-79.975,9.283333333,Xylem,
tapirira guianensis,Tree,-1.45454334,-1.645464771,86.45557031,12.53604591,54.50311922,0.520305811,NA,3100,26.6,Meinzer et al. 2008,Tropical rainforest,-80.001385,9.322863,Xylem,
tapirira guianensis,Tree,NA,NA,NA,NA,337,0.457,NA,3100,26.08433333,Meinzer et al. 2008,Tropical rainforest,-79.975,9.283333333,Xylem,
trattinnickia aspera,Tree,-0.829903592,-0.929645158,86.10562401,7.735148802,97.03223746,0.540195858,NA,3100,26.6,Meinzer et al. 2008,Tropical rainforest,-80.001385,9.322863,Xylem,
trattinnickia aspera,Tree,NA,NA,NA,NA,411,0.424,NA,3100,26.08433333,Meinzer et al. 2008,Tropical rainforest,-79.975,9.283333333,Xylem,
vochysia ferruginea,Tree,NA,NA,NA,NA,407,0.410166667,NA,3100,26.08433333,Meinzer et al. 2008,Tropical rainforest,-79.975,9.283333333,Xylem,
blepharocalyx salicifolius,Tree,-1.354626429,-1.563656816,83.41369301,10.13331546,67.53855274,0.559462486,NA,1500,21,Scholz et al. 2007,Tropical seasonal forest,-47.88333333,-15.93333333,Xylem,
blepharocalyx salicifolius,Tree,NA,NA,NA,NA,73,0.56,NA,1500,21,Scholz et al. 2007,Tropical seasonal forest,-47.88333333,-15.93333333,Xylem,
byrsonima crassa,Tree,NA,NA,NA,NA,83,0.53,NA,1500,21,Scholz et al. 2007,Tropical seasonal forest,-47.88333333,-15.93333333,Xylem,
caryocar brasiliense,Tree,-1.258752459,-1.318232948,84.23068328,27.89702979,73.82226809,0.589641657,8.511380382,1500,21,Scholz et al. 2007,Tropical seasonal forest,-47.88333333,-15.93333333,Xylem,
caryocar brasiliense,Tree,NA,NA,NA,NA,40,0.59,8.511380382,1500,21,Scholz et al. 2007,Tropical seasonal forest,-47.88333333,-15.93333333,Xylem,
kielmeyera coriacea,Tree,NA,NA,NA,NA,107,0.5,4.897788194,1500,21,Scholz et al. 2007,Tropical seasonal forest,-47.88333333,-15.93333333,Xylem,
qualea parviflora,Tree,-1.29544382,-1.492074854,78.82204419,9.830081777,89.43341979,0.569652856,NA,1500,21,Scholz et al. 2007,Tropical seasonal forest,-47.88333333,-15.93333333,Xylem,
qualea parviflora,Tree,NA,NA,NA,NA,67,0.569,NA,1500,21,Scholz et al. 2007,Tropical seasonal forest,-47.88333333,-15.93333333,Xylem,
schefflera macrocarpa,Tree,-1.337104196,-1.563656816,86.62128267,9.228637885,55.58797211,0.539473684,NA,1500,21,Scholz et al. 2007,Tropical seasonal forest,-47.88333333,-15.93333333,Xylem,
schefflera macrocarpa,Tree,NA,NA,NA,NA,85,0.54,NA,1500,21,Scholz et al. 2007,Tropical seasonal forest,-47.88333333,-15.93333333,Xylem,
sclerolobium paniculatum,Tree,NA,NA,NA,NA,38,0.62,NA,1500,21,Scholz et al. 2007,Tropical seasonal forest,-47.88333333,-15.93333333,Xylem,
vochysia thyrsoidea,Tree,NA,NA,NA,NA,157,0.42,NA,1500,21,Scholz et al. 2007,Tropical seasonal forest,-47.88333333,-15.93333333,Xylem,
schefflera morototoni,Tree,-0.769733378,-0.861749918,84.97319832,7.208678714,122.7421893,0.456,NA,2549,26.5,Tyree et al. 1991,Tropical rainforest,-79.86666667,9.13333333,Xylem,
