Id,psi,PLC,species,ref
1,-4.0114274,99.65913,C. bilberganius,van der sande 2013
1,-3.918722,93.01907,C. bilberganius,van der sande 2013
1,-1.9869955,95.33315,C. bilberganius,van der sande 2013
1,-1.9881116,85.48315,C. bilberganius,van der sande 2013
1,-1.4426746,87.826904,C. bilberganius,van der sande 2013
1,-1.2407895,82.46931,C. bilberganius,van der sande 2013
1,-0.9457863,74.11188,C. bilberganius,van der sande 2013
1,-0.94627154,69.82926,C. bilberganius,van der sande 2013
1,-0.74419224,66.18471,C. bilberganius,van der sande 2013
1,-0.72914976,61.4735,C. bilberganius,van der sande 2013
1,-0.43385538,55.685635,C. bilberganius,van der sande 2013
1,-0.43434063,51.403023,C. bilberganius,van der sande 2013
1,-0.43451044,49.90411,C. bilberganius,van der sande 2013
1,-0.43552947,40.91062,C. bilberganius,van der sande 2013
1,0,0,C. bilberganius,van der sande 2013
2,-1.9838657,94.287186,E costaricensis,van der sande 2013
2,-1.9381073,85.75732,E costaricensis,van der sande 2013
2,-1.4573776,66.98351,E costaricensis,van der sande 2013
2,-1.4581053,60.586857,E costaricensis,van der sande 2013
2,-0.97642934,50.128696,E costaricensis,van der sande 2013
2,-0.97681755,46.717148,E costaricensis,van der sande 2013
2,-0.9470964,34.136402,E costaricensis,van der sande 2013
2,-0.51222205,23.039572,E costaricensis,van der sande 2013
2,-0.46568727,21.332802,E costaricensis,van der sande 2013
2,-0.46605122,18.134476,E costaricensis,van der sande 2013
2,0,0,E costaricensis,van der sande 2013
3,-4.9568014,85.181335,E nesotica,van der sande 2013
3,-3.5243895,79.82033,E nesotica,van der sande 2013
3,-2.5126102,73.82863,E nesotica,van der sande 2013
3,-1.4707702,58.241447,E nesotica,van der sande 2013
3,-0.47857046,17.06908,E nesotica,van der sande 2013
3,0,0,E nesotica,van der sande 2013
4,-8.005531,92.922264,F. occidentalis,van der sande 2013
4,-8.00609,88.01823,F. occidentalis,van der sande 2013
4,-5.9818764,81.7917,F. occidentalis,van der sande 2013
4,-5.998787,70.064995,F. occidentalis,van der sande 2013
4,-6.0305943,64.30875,F. occidentalis,van der sande 2013
4,-6.0308857,61.750122,F. occidentalis,van der sande 2013
4,-3.9745247,64.26491,F. occidentalis,van der sande 2013
4,-3.9758348,52.751087,F. occidentalis,van der sande 2013
4,-3.9765627,46.354523,F. occidentalis,van der sande 2013
4,-3.9771693,41.024048,F. occidentalis,van der sande 2013
4,-2.015188,35.43851,F. occidentalis,van der sande 2013
4,-2.0160615,27.76263,F. occidentalis,van der sande 2013
4,-2.0168378,20.939625,F. occidentalis,van der sande 2013
4,-2.0172262,17.528122,F. occidentalis,van der sande 2013
4,-1.0353135,22.837671,F. occidentalis,van der sande 2013
4,-1.035823,18.360075,F. occidentalis,van der sande 2013
4,-1.0365509,11.963507,F. occidentalis,van der sande 2013
4,-1.036745,10.257755,F. occidentalis,van der sande 2013
4,-0.58517826,8.968811,F. occidentalis,van der sande 2013
4,-0.52297014,8.114607,F. occidentalis,van der sande 2013
4,-0.58563924,4.9176517,F. occidentalis,van der sande 2013
4,-0.47660524,4.915327,F. occidentalis,van der sande 2013
4,0,0,F. occidentalis,van der sande 2013
5,-2.129487,97.492546,G. superba,van der sande 2013
5,-1.9895431,95.3619,G. superba,van der sande 2013
5,-2.0218844,84.937035,G. superba,van der sande 2013
5,-1.5385828,88.756546,G. superba,van der sande 2013
5,-1.5399901,76.41612,G. superba,van der sande 2013
5,-1.1039026,75.98131,G. superba,van der sande 2013
5,-1.0109301,71.724,G. superba,van der sande 2013
5,-1.0274041,63.851994,G. superba,van der sande 2013
5,-1.0289084,50.660503,G. superba,van der sande 2013
5,-0.5927723,50.651222,G. superba,van der sande 2013
5,-0.51503646,49.37297,G. superba,van der sande 2013
5,-0.47032136,31.712402,G. superba,van der sande 2013
5,0,0,G. superba,van der sande 2013
6,-8.0452,97.39495,I. Vera,van der sande 2013
6,-8.045686,93.12143,I. Vera,van der sande 2013
6,-8.046025,90.12997,I. Vera,van der sande 2013
6,-8.030449,90.12964,I. Vera,van der sande 2013
6,-6.0380917,77.69383,I. Vera,van der sande 2013
6,-6.0383825,75.12972,I. Vera,van der sande 2013
6,-6.0385766,73.42031,I. Vera,van der sande 2013
6,-6.0396686,63.804897,I. Vera,van der sande 2013
6,-4.0472383,52.010117,I. Vera,van der sande 2013
6,-4.047651,48.37763,I. Vera,van der sande 2013
6,-4.047942,45.813515,I. Vera,van der sande 2013
6,-4.0180025,35.129055,I. Vera,van der sande 2013
6,-3.0686255,28.271122,I. Vera,van der sande 2013
6,-3.0690622,24.424955,I. Vera,van der sande 2013
6,-3.0081158,12.457772,I. Vera,van der sande 2013
6,-2.0263002,16.923998,I. Vera,van der sande 2013
6,-2.026858,12.009452,I. Vera,van der sande 2013
6,-2.0269551,11.154749,I. Vera,van der sande 2013
6,-1.0455279,12.20216,I. Vera,van der sande 2013
6,-1.045819,9.638049,I. Vera,van der sande 2013
6,-1.0462315,6.005558,I. Vera,van der sande 2013
6,-0.36038965,10.264432,I. Vera,van der sande 2013
6,-0.32962528,6.8449516,I. Vera,van der sande 2013
6,0,0,I. Vera,van der sande 2013
7,-2.512683,94.66708,M. argentea,van der sande 2013
7,-2.5135808,86.692894,M. argentea,van der sande 2013
7,-2.5140417,82.59804,M. argentea,van der sande 2013
7,-1.5481179,84.30138,M. argentea,van der sande 2013
7,-1.4396176,79.55762,M. argentea,van der sande 2013
7,-1.5494765,72.23233,M. argentea,van der sande 2013
7,-1.5499133,68.353,M. argentea,van der sande 2013
7,-1.0826247,68.342926,M. argentea,van der sande 2013
7,-1.0832312,62.954956,M. argentea,van der sande 2013
7,-0.99161744,46.57352,M. argentea,van der sande 2013
7,-0.5259059,32.554737,M. argentea,van der sande 2013
7,-0.5264882,27.382288,M. argentea,van der sande 2013
7,-0.2780925,20.04928,M. argentea,van der sande 2013
7,-0.2784807,16.60098,M. argentea,van der sande 2013
7,-0.27889317,12.937164,M. argentea,van der sande 2013
7,0,0,M. argentea,van der sande 2013
8,-4.2061377,95.07238,P. reticulatum,van der sande 2013
8,-4.20486,89.45686,P. reticulatum,van der sande 2013
8,-4.1887937,87.72969,P. reticulatum,van der sande 2013
8,-2.1967435,81.33624,P. reticulatum,van der sande 2013
8,-2.1956134,76.36867,P. reticulatum,van der sande 2013
8,-1.2222637,69.499245,P. reticulatum,van der sande 2013
8,-1.2214284,65.82757,P. reticulatum,van der sande 2013
8,-1.1896877,64.101074,P. reticulatum,van der sande 2013
8,-1.1559324,53.519344,P. reticulatum,van der sande 2013
8,-0.93586016,50.721066,P. reticulatum,van der sande 2013
8,-0.935074,47.265366,P. reticulatum,van der sande 2013
8,-0.91797525,41.002586,P. reticulatum,van der sande 2013
8,-0.60253334,32.376877,P. reticulatum,van der sande 2013
8,-0.6017472,28.921177,P. reticulatum,van der sande 2013
8,-0.6323087,25.464123,P. reticulatum,van der sande 2013
8,0,0,P. reticulatum,van der sande 2013
9,-6.1724906,98.456085,S. daniensis,van der sande 2013
9,-4.149093,92.11865,S. daniensis,van der sande 2013
9,-4.2716827,79.90763,S. daniensis,van der sande 2013
9,-4.177198,77.98445,S. daniensis,van der sande 2013
9,-3.2194238,70.744835,S. daniensis,van der sande 2013
9,-3.2024724,65.17802,S. daniensis,van der sande 2013
9,-2.2648435,77.42394,S. daniensis,van der sande 2013
9,-2.1794481,46.80611,S. daniensis,van der sande 2013
9,-2.0989661,37.601696,S. daniensis,van der sande 2013
9,-1.2545941,46.417446,S. daniensis,van der sande 2013
9,-1.1723925,29.718336,S. daniensis,van der sande 2013
9,-0.7503783,34.875683,S. daniensis,van der sande 2013
9,-0.6073977,26.530489,S. daniensis,van der sande 2013
9,-1.1223246,16.444029,S. daniensis,van der sande 2013
9,-0.7126432,7.039578,S. daniensis,van der sande 2013
9,0,0,S. daniensis,van der sande 2013
10,-8.232149,97.720146,T. amazonia,van der sande 2013
10,-6.2082605,89.22301,T. amazonia,van der sande 2013
10,-6.129007,85.36361,T. amazonia,van der sande 2013
10,-4.1465874,52.61487,T. amazonia,van der sande 2013
10,-3.1321614,71.75782,T. amazonia,van der sande 2013
10,-3.1292133,58.88194,T. amazonia,van der sande 2013
10,-2.141369,57.207535,T. amazonia,van der sande 2013
10,-2.1546845,46.906155,T. amazonia,van der sande 2013
10,-2.1342447,26.090816,T. amazonia,van der sande 2013
10,-1.6533676,48.00067,T. amazonia,van der sande 2013
10,-1.6973429,34.693577,T. amazonia,van der sande 2013
10,-1.64983,32.549614,T. amazonia,van der sande 2013
10,-1.1796151,32.569794,T. amazonia,van der sande 2013
10,-1.1456634,21.197443,T. amazonia,van der sande 2013
10,-1.144779,17.334679,T. amazonia,van der sande 2013
10,-0.7211434,15.42146,T. amazonia,van der sande 2013
10,-0.5937875,6.84292,T. amazonia,van der sande 2013
10,0,0,T. amazonia,van der sande 2013
11,-6.0104985,97.83394,V. bilbergiana,van der sande 2013
11,-5.03937,96.38989,V. bilbergiana,van der sande 2013
11,-5.0656166,89.16968,V. bilbergiana,van der sande 2013
11,-4.1207347,92.41877,V. bilbergiana,van der sande 2013
11,-3.9895012,80.50542,V. bilbergiana,van der sande 2013
11,-3.5695539,74.00722,V. bilbergiana,van der sande 2013
11,-3.070866,76.534294,V. bilbergiana,van der sande 2013
11,-3.070866,65.34296,V. bilbergiana,van der sande 2013
11,-2.5984251,61.37184,V. bilbergiana,van der sande 2013
11,-2.0209973,58.122746,V. bilbergiana,van der sande 2013
11,-2.0209973,41.516247,V. bilbergiana,van der sande 2013
11,-1.5485564,32.851986,V. bilbergiana,van der sande 2013
11,-1.1023622,35.379063,V. bilbergiana,van der sande 2013
11,-0.9711286,6.137184,V. bilbergiana,van der sande 2013
11,-0.5511811,17.689531,V. bilbergiana,van der sande 2013
11,0,0,V. bilbergiana,van der sande 2013
12,-6.0892386,96.09929,X. panamensis,van der sande 2013
12,-6.0367455,92.55319,X. panamensis,van der sande 2013
12,-6.0367455,82.2695,X. panamensis,van der sande 2013
12,-5.0656166,87.58865,X. panamensis,van der sande 2013
12,-5.0656166,82.97872,X. panamensis,van der sande 2013
12,-5.0656166,76.950356,X. panamensis,van der sande 2013
12,-4.0682416,76.950356,X. panamensis,van der sande 2013
12,-4.0682416,71.98582,X. panamensis,van der sande 2013
12,-4.0682416,68.43971,X. panamensis,van der sande 2013
12,-3.070866,63.475178,X. panamensis,van der sande 2013
12,-2.0997376,53.90071,X. panamensis,van der sande 2013
12,-2.0997376,51.06383,X. panamensis,van der sande 2013
12,-2.0209973,45.03546,X. panamensis,van der sande 2013
12,-0.9973753,42.907803,X. panamensis,van der sande 2013
12,-0.9973753,30.851065,X. panamensis,van der sande 2013
12,-0.5511811,9.929078,X. panamensis,van der sande 2013
12,-0.49868765,7.8014183,X. panamensis,van der sande 2013
12,-0.49868765,2.8368795,X. panamensis,van der sande 2013
12,0,0,X. panamensis,van der sande 2013
13,-4.0815825,95.757,Z. panamense,van der sande 2013
13,-4.0337257,92.11881,Z. panamense,van der sande 2013
13,-4.0793223,85.90703,Z. panamense,van der sande 2013
13,-2.6184628,72.05102,Z. panamense,van der sande 2013
13,-2.599546,57.919113,Z. panamense,van der sande 2013
13,-2.5208821,56.63769,Z. panamense,van der sande 2013
13,-1.5789293,50.03994,Z. panamense,van der sande 2013
13,-1.5917534,37.619736,Z. panamense,van der sande 2013
13,-1.5756865,35.907368,Z. panamense,van der sande 2013
13,-0.80712837,33.58483,Z. panamense,van der sande 2013
13,-0.8053104,25.662024,Z. panamense,van der sande 2013
13,-0.8030011,15.597919,Z. panamense,van der sande 2013
13,-0.6454767,12.178554,Z. panamense,van der sande 2013
13,-0.56696016,11.53952,Z. panamense,van der sande 2013
13,-0.51988953,11.327404,Z. panamense,van der sande 2013
13,0,0,Z. panamense,van der sande 2013
14,-6.0274534,97.662415,Streblus asper,Chen et al. 2017
14,-6.0270915,91.29872,Streblus asper,Chen et al. 2017
14,-5.525094,88.22082,Streblus asper,Chen et al. 2017
14,-5.5246086,79.675285,Streblus asper,Chen et al. 2017
14,-5.0147567,88.05225,Streblus asper,Chen et al. 2017
14,-5.0145392,84.23404,Streblus asper,Chen et al. 2017
14,-5.0224247,73.32463,Streblus asper,Chen et al. 2017
14,-4.9875555,58.41629,Streblus asper,Chen et al. 2017
14,-4.530235,93.1558,Streblus asper,Chen et al. 2017
14,-4.5382338,84.24641,Streblus asper,Chen et al. 2017
14,-4.494477,62.61096,Streblus asper,Chen et al. 2017
14,-4.510795,50.428593,Streblus asper,Chen et al. 2017
14,-4.025592,43.532032,Streblus asper,Chen et al. 2017
14,-3.9914045,40.6238,Streblus asper,Chen et al. 2017
14,-3.9846766,71.897026,Streblus asper,Chen et al. 2017
14,-4.0446796,80.07737,Streblus asper,Chen et al. 2017
14,-4.0534024,83.89536,Streblus asper,Chen et al. 2017
14,-3.5258677,80.45448,Streblus asper,Chen et al. 2017
14,-3.491226,69.54618,Streblus asper,Chen et al. 2017
14,-3.3799005,56.276207,Streblus asper,Chen et al. 2017
14,-3.557895,45.36238,Streblus asper,Chen et al. 2017
14,-3.5231807,33.18134,Streblus asper,Chen et al. 2017
14,-3.5228603,27.544924,Streblus asper,Chen et al. 2017
14,-3.5134041,10.817725,Streblus asper,Chen et al. 2017
14,-3.0459864,17.557207,Streblus asper,Chen et al. 2017
14,-2.9878538,42.286247,Streblus asper,Chen et al. 2017
14,-3.0143416,59.376644,Streblus asper,Chen et al. 2017
14,-2.6906176,50.29405,Streblus asper,Chen et al. 2017
14,-2.5296547,61.57107,Streblus asper,Chen et al. 2017
14,-2.5303884,74.48028,Streblus asper,Chen et al. 2017
14,-2.0113282,70.49372,Streblus asper,Chen et al. 2017
14,-1.9766244,58.494495,Streblus asper,Chen et al. 2017
14,-2.5028982,39.75336,Streblus asper,Chen et al. 2017
14,-2.5020094,24.11686,Streblus asper,Chen et al. 2017
14,-2.5180902,7.752637,Streblus asper,Chen et al. 2017
14,-1.9988543,0.6751413,Streblus asper,Chen et al. 2017
14,-1.4545052,0.6892804,Streblus asper,Chen et al. 2017
14,-1.5147668,13.415119,Streblus asper,Chen et al. 2017
14,-1.5319844,17.051073,Streblus asper,Chen et al. 2017
14,-2.0000222,21.220778,Streblus asper,Chen et al. 2017
14,-2.0002184,24.675354,Streblus asper,Chen et al. 2017
14,-2.2810535,27.395359,Streblus asper,Chen et al. 2017
14,-2.0520678,39.037792,Streblus asper,Chen et al. 2017
14,-1.771088,33.77231,Streblus asper,Chen et al. 2017
14,-1.5416783,37.96013,Streblus asper,Chen et al. 2017
14,-1.5262073,65.05172,Streblus asper,Chen et al. 2017
14,-0.9979493,48.883453,Streblus asper,Chen et al. 2017
14,-0.99729824,37.428806,Streblus asper,Chen et al. 2017
14,-1.336979,27.965342,Streblus asper,Chen et al. 2017
14,-0.99652314,23.792324,Streblus asper,Chen et al. 2017
14,-1.2428403,17.785864,Streblus asper,Chen et al. 2017
14,-1.0130379,15.064531,Streblus asper,Chen et al. 2017
14,-1.012821,11.246316,Streblus asper,Chen et al. 2017
14,-1.0122526,1.2462277,Streblus asper,Chen et al. 2017
14,-0.78260523,1.2521926,Streblus asper,Chen et al. 2017
14,-0.6804984,0.5275646,Streblus asper,Chen et al. 2017
14,-0.50196654,1.9867623,Streblus asper,Chen et al. 2017
14,-0.5022869,7.6231756,Streblus asper,Chen et al. 2017
14,-0.647076,11.073996,Streblus asper,Chen et al. 2017
14,-0.7495549,18.344137,Streblus asper,Chen et al. 2017
14,-0.62217975,21.983847,Streblus asper,Chen et al. 2017
14,-0.5030517,21.07784,Streblus asper,Chen et al. 2017
14,-0.28124842,9.447118,Streblus asper,Chen et al. 2017
14,-0.18721303,1.0858375,Streblus asper,Chen et al. 2017
15,-4.2443566,77.52644,Harpulia c.,Chen et al. 2017
15,-3.7942908,90.26537,Harpulia c.,Chen et al. 2017
15,-3.6322737,82.99687,Harpulia c.,Chen et al. 2017
15,-3.4357698,67.54748,Harpulia c.,Chen et al. 2017
15,-3.2402065,68.64346,Harpulia c.,Chen et al. 2017
15,-3.266157,76.27913,Harpulia c.,Chen et al. 2017
15,-3.1306484,86.46444,Harpulia c.,Chen et al. 2017
15,-3.301398,97.7327,Harpulia c.,Chen et al. 2017
15,-2.7815835,80.47352,Harpulia c.,Chen et al. 2017
15,-2.9686003,78.65049,Harpulia c.,Chen et al. 2017
15,-2.8831322,71.38,Harpulia c.,Chen et al. 2017
15,-2.967846,65.377815,Harpulia c.,Chen et al. 2017
15,-2.6874552,70.476,Harpulia c.,Chen et al. 2017
15,-2.5856378,74.84226,Harpulia c.,Chen et al. 2017
15,-2.7210326,62.656963,Harpulia c.,Chen et al. 2017
15,-2.61041,61.750748,Harpulia c.,Chen et al. 2017
15,-2.507745,51.207993,Harpulia c.,Chen et al. 2017
15,-2.6350687,46.659245,Harpulia c.,Chen et al. 2017
15,-2.4051113,41.210686,Harpulia c.,Chen et al. 2017
15,-2.2949848,49.031708,Harpulia c.,Chen et al. 2017
15,-2.167403,49.03502,Harpulia c.,Chen et al. 2017
15,-1.3333205,39.42035,Harpulia c.,Chen et al. 2017
15,-2.0557468,29.947067,Harpulia c.,Chen et al. 2017
15,-2.2002568,28.488773,Harpulia c.,Chen et al. 2017
15,-2.157306,21.035364,Harpulia c.,Chen et al. 2017
15,-2.2252564,19.397242,Harpulia c.,Chen et al. 2017
15,-2.2248018,11.397277,Harpulia c.,Chen et al. 2017
15,-2.0630019,7.9469438,Harpulia c.,Chen et al. 2017
15,-1.8930994,11.587709,Harpulia c.,Chen et al. 2017
15,-1.9532783,22.85884,Harpulia c.,Chen et al. 2017
15,-1.8682652,23.58832,Harpulia c.,Chen et al. 2017
15,-1.6471542,24.139515,Harpulia c.,Chen et al. 2017
15,-1.510757,18.688528,Harpulia c.,Chen et al. 2017
15,-1.4510328,15.417362,Harpulia c.,Chen et al. 2017
15,-1.5444998,13.778576,Harpulia c.,Chen et al. 2017
15,-1.6288929,2.1400547,Harpulia c.,Chen et al. 2017
15,-1.5016108,7.4160724,Harpulia c.,Chen et al. 2017
15,-1.3400071,7.42027,Harpulia c.,Chen et al. 2017
15,-1.2122703,4.696323,Harpulia c.,Chen et al. 2017
15,-1.339728,2.5112007,Harpulia c.,Chen et al. 2017
15,-1.0678428,7.6091566,Harpulia c.,Chen et al. 2017
15,-0.957365,9.248385,Harpulia c.,Chen et al. 2017
15,-1.144764,14.152594,Harpulia c.,Chen et al. 2017
15,-0.7791741,16.707537,Harpulia c.,Chen et al. 2017
15,-0.46447226,16.715712,Harpulia c.,Chen et al. 2017
15,-0.2180621,21.085735,Harpulia c.,Chen et al. 2017
15,-0.53222656,11.623057,Harpulia c.,Chen et al. 2017
15,-0.404469,8.535476,Harpulia c.,Chen et al. 2017
15,-0.31099167,9.992445,Harpulia c.,Chen et al. 2017
15,-0.59150636,7.076076,Harpulia c.,Chen et al. 2017
15,-0.4298717,6.5348215,Harpulia c.,Chen et al. 2017
15,-0.42961332,1.989387,Harpulia c.,Chen et al. 2017
15,-0.5656696,1.4404001,Harpulia c.,Chen et al. 2017
15,-0.7357271,0.5268948,Harpulia c.,Chen et al. 2017
15,-0.26805103,2.720854,Harpulia c.,Chen et al. 2017
16,-2.839675,93.21215,Ficus concinna,Chen et al. 2017
16,-2.8391478,83.95623,Ficus concinna,Chen et al. 2017
16,-2.8303633,79.05626,Ficus concinna,Chen et al. 2017
16,-2.6270695,93.76213,Ficus concinna,Chen et al. 2017
16,-2.5333133,90.31627,Ficus concinna,Chen et al. 2017
16,-2.5326827,79.24547,Ficus concinna,Chen et al. 2017
16,-2.4900107,76.70573,Ficus concinna,Chen et al. 2017
16,-2.2441483,90.686745,Ficus concinna,Chen et al. 2017
16,-1.9804792,90.69358,Ficus concinna,Chen et al. 2017
16,-1.6145483,87.25478,Ficus concinna,Chen et al. 2017
16,-1.2400086,82.00131,Ficus concinna,Chen et al. 2017
16,-1.8096673,78.356766,Ficus concinna,Chen et al. 2017
16,-1.7838616,73.27575,Ficus concinna,Chen et al. 2017
16,-1.9881786,76.53725,Ficus concinna,Chen et al. 2017
16,-2.2432492,74.89724,Ficus concinna,Chen et al. 2017
16,-2.2430322,71.085976,Ficus concinna,Chen et al. 2017
16,-2.072799,68.91252,Ficus concinna,Chen et al. 2017
16,-1.8257998,62.929794,Ficus concinna,Chen et al. 2017
16,-1.7148052,55.49163,Ficus concinna,Chen et al. 2017
16,-1.5875643,61.484062,Ficus concinna,Chen et al. 2017
16,-1.5196447,63.66369,Ficus concinna,Chen et al. 2017
16,-1.1105665,49.336674,Ficus concinna,Chen et al. 2017
16,-1.1104115,46.614346,Ficus concinna,Chen et al. 2017
16,-0.8385986,52.973503,Ficus concinna,Chen et al. 2017
16,-1.4332157,39.52791,Ficus concinna,Chen et al. 2017
16,-1.4323063,23.556911,Ficus concinna,Chen et al. 2017
16,-1.2449279,19.024548,Ficus concinna,Chen et al. 2017
16,-0.88749206,15.404038,Ficus concinna,Chen et al. 2017
16,-0.8963179,21.029964,Ficus concinna,Chen et al. 2017
16,-0.8796997,27.926971,Ficus concinna,Chen et al. 2017
16,-0.5559447,18.316456,Ficus concinna,Chen et al. 2017
16,-0.61529684,15.048118,Ficus concinna,Chen et al. 2017
16,-0.86168635,10.323019,Ficus concinna,Chen et al. 2017
16,-0.72557837,9.96357,Ficus concinna,Chen et al. 2017
16,-0.5895841,11.600495,Ficus concinna,Chen et al. 2017
16,-0.54681915,7.4273605,Ficus concinna,Chen et al. 2017
16,-0.3852465,7.976016,Ficus concinna,Chen et al. 2017
16,-0.257644,7.616347,Ficus concinna,Chen et al. 2017
16,-0.17248608,5.803666,Ficus concinna,Chen et al. 2017
16,-0.23185892,2.8983047,Ficus concinna,Chen et al. 2017
16,-0.23175557,1.0834186,Ficus concinna,Chen et al. 2017
16,-0.38552552,12.876208,Ficus concinna,Chen et al. 2017
17,-4.275071,96.07851,Celtis tendra,Chen et al. 2017
17,-4.1728096,92.63289,Celtis tendra,Chen et al. 2017
17,-4.2397575,73.39346,Celtis tendra,Chen et al. 2017
17,-4.315883,65.95049,Celtis tendra,Chen et al. 2017
17,-3.6368313,90.287445,Celtis tendra,Chen et al. 2017
17,-3.560427,92.83025,Celtis tendra,Chen et al. 2017
17,-3.2715309,97.9194,Celtis tendra,Chen et al. 2017
17,-3.1342034,76.14444,Celtis tendra,Chen et al. 2017
17,-3.363551,70.87535,Celtis tendra,Chen et al. 2017
17,-2.8783576,64.17289,Celtis tendra,Chen et al. 2017
17,-2.4109504,71.081535,Celtis tendra,Chen et al. 2017
17,-2.2915123,64.73257,Celtis tendra,Chen et al. 2017
17,-2.274119,58.01797,Celtis tendra,Chen et al. 2017
17,-2.726665,88.859146,Celtis tendra,Chen et al. 2017
17,-2.5820825,89.04438,Celtis tendra,Chen et al. 2017
17,-2.5309567,87.412315,Celtis tendra,Chen et al. 2017
17,-2.684365,92.85297,Celtis tendra,Chen et al. 2017
17,-2.4711914,83.421135,Celtis tendra,Chen et al. 2017
17,-2.4549348,96.67016,Celtis tendra,Chen et al. 2017
17,-2.3271875,93.76967,Celtis tendra,Chen et al. 2017
17,-2.2081113,93.77276,Celtis tendra,Chen et al. 2017
17,-2.1146855,96.134514,Celtis tendra,Chen et al. 2017
17,-2.0296414,96.31821,Celtis tendra,Chen et al. 2017
17,-2.0970857,85.79018,Celtis tendra,Chen et al. 2017
17,-1.9091182,70.91306,Celtis tendra,Chen et al. 2017
17,-1.6631523,83.07911,Celtis tendra,Chen et al. 2017
17,-1.4837524,69.2907,Celtis tendra,Chen et al. 2017
17,-1.4160498,75.28155,Celtis tendra,Chen et al. 2017
17,-1.2807789,89.62258,Celtis tendra,Chen et al. 2017
17,-1.7207993,49.86537,Celtis tendra,Chen et al. 2017
17,-1.6017436,50.231434,Celtis tendra,Chen et al. 2017
17,-1.5758241,43.154087,Celtis tendra,Chen et al. 2017
17,-1.4311074,40.97999,Celtis tendra,Chen et al. 2017
17,-1.2354614,40.622086,Celtis tendra,Chen et al. 2017
17,-1.2347172,27.554993,Celtis tendra,Chen et al. 2017
17,-1.5743463,17.20139,Celtis tendra,Chen et al. 2017
17,-1.6846485,12.47985,Celtis tendra,Chen et al. 2017
17,-1.3617203,17.38839,Celtis tendra,Chen et al. 2017
17,-1.1999307,14.125806,Celtis tendra,Chen et al. 2017
17,-1.0208097,5.2375546,Celtis tendra,Chen et al. 2017
17,-0.9106315,12.136943,Celtis tendra,Chen et al. 2017
17,-0.91102415,19.033464,Celtis tendra,Chen et al. 2017
17,-0.86853826,19.760515,Celtis tendra,Chen et al. 2017
17,-0.36668536,19.229065,Celtis tendra,Chen et al. 2017
17,-0.20508172,19.233253,Celtis tendra,Chen et al. 2017
17,-0.20476134,13.607144,Celtis tendra,Chen et al. 2017
17,-0.21317379,11.973537,Celtis tendra,Chen et al. 2017
17,-0.30665112,10.519213,Celtis tendra,Chen et al. 2017
17,-0.39155066,7.7946963,Celtis tendra,Chen et al. 2017
17,-0.39128193,3.076024,Celtis tendra,Chen et al. 2017
17,-0.2892165,3.0786703,Celtis tendra,Chen et al. 2017
17,-0.21271905,3.988092,Celtis tendra,Chen et al. 2017
17,-0.18739906,7.437014,Celtis tendra,Chen et al. 2017
17,-0.11075694,5.805612,Celtis tendra,Chen et al. 2017
17,-0.008588132,3.9933844,Celtis tendra,Chen et al. 2017
18,-2.4936287,98.578285,A. excelsum,de guzman et al. 2016
18,-1.9799832,86.60778,A. excelsum,de guzman et al. 2016
18,-1.2560161,62.152164,A. excelsum,de guzman et al. 2016
18,-0.7561079,39.88481,A. excelsum,de guzman et al. 2016
18,-0.2562142,17.346453,A. excelsum,de guzman et al. 2016
18,0,0,A. excelsum,de guzman et al. 2016
19,-1.9856057,94.96787,A. spraguei,de guzman et al. 2016
19,-1.2540743,88.617065,A. spraguei,de guzman et al. 2016
19,-0.75964373,87.20591,A. spraguei,de guzman et al. 2016
19,-0.2598659,62.296883,A. spraguei,de guzman et al. 2016
19,0,0,A. spraguei,de guzman et al. 2016
20,-2.005038,90.48044,C alliodora,de guzman et al. 2016
20,-1.253741,83.96155,C alliodora,de guzman et al. 2016
20,-0.7726276,80.15503,C alliodora,de guzman et al. 2016
20,-0.30075932,27.156124,C alliodora,de guzman et al. 2016
20,0,0,C alliodora,de guzman et al. 2016
21,-1.9800354,94.749466,A graveolens,de guzman et al. 2016
21,-1.230264,83.10114,A graveolens,de guzman et al. 2016
21,-0.7535618,69.34741,A graveolens,de guzman et al. 2016
21,-0.23388231,33.511353,A graveolens,de guzman et al. 2016
21,0,0,A graveolens,de guzman et al. 2016
22,-2.5186372,86.718704,A trichantha,de guzman et al. 2016
22,-2.0088542,71.86605,A trichantha,de guzman et al. 2016
22,-1.2473723,50.405373,A trichantha,de guzman et al. 2016
22,-0.75949067,23.569712,A trichantha,de guzman et al. 2016
22,-0.27604836,10.3590975,A trichantha,de guzman et al. 2016
22,0.0013716139,-1.7054722,A trichantha,de guzman et al. 2016
23,-2.5366895,89.16868,L seemannii,de guzman et al. 2016
23,-2.0311244,89.303406,L seemannii,de guzman et al. 2016
23,-1.290261,63.76027,L seemannii,de guzman et al. 2016
23,-0.7872622,48.09147,L seemannii,de guzman et al. 2016
23,-0.28000098,17.707226,L seemannii,de guzman et al. 2016
23,-0.03707782,-1.9780087,L seemannii,de guzman et al. 2016
24,0.16953763,7.7069573,Baccaurea ramiflora,zhu and gao 2009
24,0.33755246,5.219958,Baccaurea ramiflora,zhu and gao 2009
24,0.5214981,7.1398454,Baccaurea ramiflora,zhu and gao 2009
24,0.4461003,15.132115,Baccaurea ramiflora,zhu and gao 2009
24,0.64453197,11.266338,Baccaurea ramiflora,zhu and gao 2009
24,0.7223115,20.078005,Baccaurea ramiflora,zhu and gao 2009
24,0.9361273,16.762474,Baccaurea ramiflora,zhu and gao 2009
24,1.0296034,28.32818,Baccaurea ramiflora,zhu and gao 2009
24,1.2287769,29.696417,Baccaurea ramiflora,zhu and gao 2009
24,1.2753197,34.1019,Baccaurea ramiflora,zhu and gao 2009
24,1.2003905,45.39986,Baccaurea ramiflora,zhu and gao 2009
24,1.6446556,48.134224,Baccaurea ramiflora,zhu and gao 2009
24,1.6464126,60.53057,Baccaurea ramiflora,zhu and gao 2009
24,2.6425145,69.0246,Baccaurea ramiflora,zhu and gao 2009
24,2.520574,72.61138,Baccaurea ramiflora,zhu and gao 2009
24,2.6431394,73.43218,Baccaurea ramiflora,zhu and gao 2009
24,2.689565,77.011246,Baccaurea ramiflora,zhu and gao 2009
24,3.5161684,77.52425,Baccaurea ramiflora,zhu and gao 2009
24,2.4411936,52.505272,Baccaurea ramiflora,zhu and gao 2009
24,2.1040704,49.765987,Baccaurea ramiflora,zhu and gao 2009
24,2.0268376,44.810963,Baccaurea ramiflora,zhu and gao 2009
24,1.597488,39.32115,Baccaurea ramiflora,zhu and gao 2009
24,1.7505482,39.314125,Baccaurea ramiflora,zhu and gao 2009
24,1.8571829,35.72804,Baccaurea ramiflora,zhu and gao 2009
24,2.0868123,35.992973,Baccaurea ramiflora,zhu and gao 2009
24,2.1016886,32.96205,Baccaurea ramiflora,zhu and gao 2009
25,0.21510428,13.56258,Syzygium szemaoense,zhu and gao 2009
25,0.5671428,13.546327,Syzygium szemaoense,zhu and gao 2009
25,0.6749097,17.97367,Syzygium szemaoense,zhu and gao 2009
25,0.8740832,19.349573,Syzygium szemaoense,zhu and gao 2009
25,0.8744737,22.119753,Syzygium szemaoense,zhu and gao 2009
25,0.81371814,25.446798,Syzygium szemaoense,zhu and gao 2009
25,0.7225458,30.160345,Syzygium szemaoense,zhu and gao 2009
25,0.72309244,34.038597,Syzygium szemaoense,zhu and gao 2009
25,0.52485603,39.31113,Syzygium szemaoense,zhu and gao 2009
25,0.3850324,24.63553,Syzygium szemaoense,zhu and gao 2009
25,0.98372436,37.073784,Syzygium szemaoense,zhu and gao 2009
25,1.1367846,37.06672,Syzygium szemaoense,zhu and gao 2009
25,1.1980087,37.063892,Syzygium szemaoense,zhu and gao 2009
25,1.3965183,33.730488,Syzygium szemaoense,zhu and gao 2009
25,2.192783,36.1869,Syzygium szemaoense,zhu and gao 2009
25,2.392308,40.05597,Syzygium szemaoense,zhu and gao 2009
25,1.7048645,49.506386,Syzygium szemaoense,zhu and gao 2009
25,1.9195783,52.54369,Syzygium szemaoense,zhu and gao 2009
25,2.2255425,51.421486,Syzygium szemaoense,zhu and gao 2009
25,2.486487,56.672813,Syzygium szemaoense,zhu and gao 2009
25,2.992796,65.23705,Syzygium szemaoense,zhu and gao 2009
25,3.8202584,71.84733,Syzygium szemaoense,zhu and gao 2009
25,2.3671234,78.5629,Syzygium szemaoense,zhu and gao 2009
25,2.6734,79.65684,Syzygium szemaoense,zhu and gao 2009
25,2.6741028,84.643166,Syzygium szemaoense,zhu and gao 2009
25,4.3272314,85.12088,Syzygium szemaoense,zhu and gao 2009
25,4.511919,92.314865,Syzygium szemaoense,zhu and gao 2009
26,0.2591872,8.392463,Bauhinia variegate,zhu and gao 2009
26,0.6884587,13.414364,Bauhinia variegate,zhu and gao 2009
26,0.6890834,17.89606,Bauhinia variegate,zhu and gao 2009
26,0.30779943,27.717636,Bauhinia variegate,zhu and gao 2009
26,0.53762406,29.387554,Bauhinia variegate,zhu and gao 2009
26,1.0565841,18.999336,Bauhinia variegate,zhu and gao 2009
26,1.2249504,18.991476,Bauhinia variegate,zhu and gao 2009
26,1.2255751,23.473171,Bauhinia variegate,zhu and gao 2009
26,1.5017083,27.942007,Bauhinia variegate,zhu and gao 2009
26,1.0891094,32.723103,Bauhinia variegate,zhu and gao 2009
26,1.2429506,38.318077,Bauhinia variegate,zhu and gao 2009
26,1.1514268,40.563213,Bauhinia variegate,zhu and gao 2009
26,1.2283083,43.080593,Bauhinia variegate,zhu and gao 2009
26,1.825126,42.21241,Bauhinia variegate,zhu and gao 2009
26,1.7811993,56.49996,Bauhinia variegate,zhu and gao 2009
26,1.4603195,60.43645,Bauhinia variegate,zhu and gao 2009
26,1.3397846,74.167366,Bauhinia variegate,zhu and gao 2009
26,1.5543423,76.1181,Bauhinia variegate,zhu and gao 2009
26,1.8594866,69.10116,Bauhinia variegate,zhu and gao 2009
26,1.9819348,69.09544,Bauhinia variegate,zhu and gao 2009
26,2.5956204,79.430786,Bauhinia variegate,zhu and gao 2009
26,2.9016237,78.57617,Bauhinia variegate,zhu and gao 2009
26,3.0085707,77.17065,Bauhinia variegate,zhu and gao 2009
26,3.0083363,75.490005,Bauhinia variegate,zhu and gao 2009
26,4.1257153,75.71795,Bauhinia variegate,zhu and gao 2009
26,4.156991,80.478325,Bauhinia variegate,zhu and gao 2009
26,4.4344125,94.19066,Bauhinia variegate,zhu and gao 2009
26,4.999681,86.60136,Bauhinia variegate,zhu and gao 2009
26,5.5348454,82.65486,Bauhinia variegate,zhu and gao 2009
27,-3.687196,69.00726,Michelia hypolampra,Chen et al. 2017
27,-3.4376013,90.5569,Michelia hypolampra,Chen et al. 2017
27,-3.1426256,87.65133,Michelia hypolampra,Chen et al. 2017
27,-2.7115073,93.46247,Michelia hypolampra,Chen et al. 2017
27,-2.5186386,88.13559,Michelia hypolampra,Chen et al. 2017
27,-2.4278767,84.98789,Michelia hypolampra,Chen et al. 2017
27,-2.893031,84.745766,Michelia hypolampra,Chen et al. 2017
27,-2.904376,83.77724,Michelia hypolampra,Chen et al. 2017
27,-2.961102,74.09201,Michelia hypolampra,Chen et al. 2017
27,-2.802269,65.859566,Michelia hypolampra,Chen et al. 2017
27,-2.6320908,62.953995,Michelia hypolampra,Chen et al. 2017
27,-2.643436,71.18644,Michelia hypolampra,Chen et al. 2017
27,-2.6320908,69.2494,Michelia hypolampra,Chen et al. 2017
27,-2.495948,69.2494,Michelia hypolampra,Chen et al. 2017
27,-2.4619124,65.13317,Michelia hypolampra,Chen et al. 2017
27,-2.337115,72.881355,Michelia hypolampra,Chen et al. 2017
27,-2.5072935,77.23971,Michelia hypolampra,Chen et al. 2017
27,-2.3484602,45.52058,Michelia hypolampra,Chen et al. 2017
27,-2.0081036,57.384987,Michelia hypolampra,Chen et al. 2017
27,-1.974068,45.03632,Michelia hypolampra,Chen et al. 2017
27,-1.9627229,43.341404,Michelia hypolampra,Chen et al. 2017
27,-1.9627229,37.046005,Michelia hypolampra,Chen et al. 2017
27,-2.1329012,23.244553,Michelia hypolampra,Chen et al. 2017
27,-2.019449,23.244553,Michelia hypolampra,Chen et al. 2017
27,-1.974068,18.401937,Michelia hypolampra,Chen et al. 2017
27,-1.9059968,23.970943,Michelia hypolampra,Chen et al. 2017
27,-1.8946515,29.05569,Michelia hypolampra,Chen et al. 2017
27,-1.611021,24.455206,Michelia hypolampra,Chen et al. 2017
27,-1.974068,10.411622,Michelia hypolampra,Chen et al. 2017
27,-1.9513776,6.053269,Michelia hypolampra,Chen et al. 2017
27,-1.815235,12.106538,Michelia hypolampra,Chen et al. 2017
27,-1.6904376,14.769976,Michelia hypolampra,Chen et al. 2017
27,-1.6223663,12.83293,Michelia hypolampra,Chen et al. 2017
27,-1.5883306,11.138015,Michelia hypolampra,Chen et al. 2017
27,-1.6790924,5.084746,Michelia hypolampra,Chen et al. 2017
27,-1.4408427,5.084746,Michelia hypolampra,Chen et al. 2017
27,-1.4408427,8.474576,Michelia hypolampra,Chen et al. 2017
27,-1.4408427,15.98063,Michelia hypolampra,Chen et al. 2017
27,-1.3273906,15.98063,Michelia hypolampra,Chen et al. 2017
27,-1.247974,16.464891,Michelia hypolampra,Chen et al. 2017
27,-1.247974,18.401937,Michelia hypolampra,Chen et al. 2017
27,-1.1685575,44.067795,Michelia hypolampra,Chen et al. 2017
27,-0.4197731,23.970943,Michelia hypolampra,Chen et al. 2017
27,-0.38573745,23.970943,Michelia hypolampra,Chen et al. 2017
27,-1.1004863,6.779661,Michelia hypolampra,Chen et al. 2017
27,-0.8168557,3.874092,Michelia hypolampra,Chen et al. 2017
27,-0.6580227,5.3268766,Michelia hypolampra,Chen et al. 2017
27,-0.6580227,7.5060534,Michelia hypolampra,Chen et al. 2017
27,-0.5559157,10.169492,Michelia hypolampra,Chen et al. 2017
27,-0.27228525,13.801453,Michelia hypolampra,Chen et al. 2017
27,-0.27228525,9.443099,Michelia hypolampra,Chen et al. 2017
27,-0.24959481,8.232446,Michelia hypolampra,Chen et al. 2017
27,-0.09076175,7.5060534,Michelia hypolampra,Chen et al. 2017
27,0.011345219,5.811138,Michelia hypolampra,Chen et al. 2017
27,-0.056726094,2.905569,Michelia hypolampra,Chen et al. 2017
27,-0.13614263,1.6949153,Michelia hypolampra,Chen et al. 2017
27,-0.3063209,1.6949153,Michelia hypolampra,Chen et al. 2017
27,-0.3063209,6.053269,Michelia hypolampra,Chen et al. 2017
27,-0.1815235,4.3583536,Michelia hypolampra,Chen et al. 2017
28,-2.0054095,98.41678,CWI,Sperry et al. 2007
28,-0.9919291,88.213715,CWI,Sperry et al. 2007
28,-0.75683653,78.260315,CWI,Sperry et al. 2007
28,-0.5092393,66.09651,CWI,Sperry et al. 2007
28,-0.25748175,53.048584,CWI,Sperry et al. 2007
28,0,0,CWI,Sperry et al. 2007
29,-3.0029507,91.93419,,Sperry et al. 2007
29,-4.0082045,98.60104,,Sperry et al. 2007
29,-2.0146685,82.616035,,Sperry et al. 2007
29,-1.0145484,58.601322,,Sperry et al. 2007
29,-0.52284753,47.643997,,Sperry et al. 2007
29,0,0,,Sperry et al. 2007
30,-4.008482,93.40769,HME,
30,-3.0072467,90.27689,,
30,-1.9899305,73.11237,,
30,-1.5019946,70.44247,,
30,-1.0142888,63.46319,,
30,-0.50689656,31.17934,,
30,0,0,,
31,-5.9984655,97.12739,GBA,
31,-4.9919605,94.189766,,
31,-3.9981534,89.84378,,
31,-3.0014472,80.691055,,
31,-2.0017715,68.05756,,
31,-1.0060035,41.335835,,
31,-0.49572703,23.665127,,
31,-0.259826,9.153691,,
31,0,0,,
32,-4.9947886,100.322464,TNE,
32,-4.0042524,93.8219,,
32,-3.0015314,79.11648,,
32,-2.0080914,67.89205,,
32,-1.005853,44.153507,,
32,-0.5014099,35.433277,,
32,0,0,,
33,-3.0036867,97.84582,,
33,-2.4895906,92.60589,,
33,-1.9957743,62.17337,,
33,-1.498532,36.79597,,
33,-1.0066806,28.656317,,
33,-0.01733924,-0.21987022,,
34,-4.5028133,94.50324,,
34,-3.5070057,68.52737,,
34,-3.00135,23.425922,,
34,-2.5132117,4.8444285,,
34,-0.49374864,1.6208794,,
34,-1.509703,4.89034,,
34,0,0,,
35,0.19003038,19.775604,Bursera,Brodbridd et al.
35,0.19961452,29.407259,,
35,0.2238723,28.529894,,
35,0.26449585,28.351913,,
35,0.49189776,26.759785,,
35,0.5407042,26.9315,,
35,0.5477237,19.575413,,
35,0.5554307,16.772741,,
35,0.5133266,7.143366,,
35,0.50506437,6.2682786,,
35,1.1935097,42.82289,,
35,1.1368113,44.22793,,
35,1.1945144,49.477882,,
35,1.0816463,55.790585,,
35,1.1729798,68.393776,,
35,0.97976357,81.0169,,
35,1.2237692,81.70034,,
35,1.4757991,81.682686,,
35,1.4925878,85.18417,,
35,1.5007442,85.358734,,
35,1.6319611,92.88027,,
35,1.6723202,90.95098,,
35,1.3961383,92.546524,,
35,2.356641,100.1851,,
36,0.84107435,4.02228,,
36,0.8408303,7.3209004,Calycophyllum,
36,1.1131756,8.545641,,
36,1.2577913,3.3423014,,
36,1.216944,13.931217,,
36,1.2408668,15.494556,,
36,1.2325073,20.181791,,
36,1.4324164,25.744318,,
36,1.7765559,31.311853,,
36,1.9936591,21.07628,,
36,1.9459033,16.734322,,
36,2.338813,12.928499,,
36,2.1538894,21.429068,,
36,2.4902086,24.39215,,
36,2.6665545,23.530214,,
36,2.7385542,25.095222,,
36,2.0730166,31.495758,,
36,2.2330673,34.27911,,
36,2.1764255,41.74246,,
36,2.2404892,42.26552,,
36,2.176066,46.603584,,
36,2.208117,46.6047,,
36,2.1354625,53.89388,,
36,2.1269104,61.185287,,
36,1.9263464,64.47695,,
36,2.5753062,65.54116,,
36,2.7687948,49.57557,,
36,2.7448847,47.83862,,
36,2.8964217,57.392544,,
36,3.1532295,52.019485,,
36,3.4177673,50.466164,,
36,3.1185715,87.26153,,
36,4.056313,83.99546,,
36,4.097982,62.295403,,
36,4.1698403,65.770134,,
36,4.5703907,66.99933,,
36,4.761902,77.76993,,
37,0.7889148,0.77903026,Enterolobium,
37,0.828627,3.226568,,
37,0.9984053,0.102858976,,
37,1.3083236,18.460657,,
37,1.3684559,1.537826,,
37,1.6426294,-0.35326156,,
37,2.0117853,5.0957346,,
37,2.044652,2.132216,,
37,2.05986,6.1479316,,
37,2.1158304,7.899063,,
37,2.222248,0.056488127,,
37,2.3582263,4.0848503,,
37,2.2521198,10.531241,,
37,2.4607935,13.520053,,
37,2.558071,10.563279,,
37,2.6787243,11.099495,,
37,2.8080513,8.844186,,
37,2.4265656,22.591877,,
37,2.4863088,43.541386,,
37,2.4931934,48.777916,,
37,2.7343447,50.54844,,
37,2.9185143,55.10543,,
37,2.8929598,61.38573,,
37,2.9328666,62.96065,,
37,2.674679,65.37699,,
37,2.5818357,84.565254,,
37,2.58063,89.975464,,
37,2.9842863,85.130974,,
37,3.0658886,80.25276,,
37,3.1309996,77.118095,,
37,3.2264876,82.18938,,
37,3.3202646,94.939674,,
37,3.8267212,98.48325,,
37,4.1968884,99.39465,,
38,0.8032361,1.4855398,Rhedera,
38,2.101643,38.751976,,
38,1.0198569,12.717358,,
38,1.1897144,15.3623295,,
38,0.8381669,26.534441,,
38,0.8938374,31.619394,,
38,2.0690181,39.449112,,
38,2.2958112,41.574642,,
38,2.2575204,31.412415,,
38,2.4603586,31.784012,,
38,1.8474958,49.934322,,
38,2.1730464,82.019424,,
38,2.294243,84.48414,,
38,3.1612666,91.05549,,
38,2.987008,71.946754,,
38,3.2718432,68.648994,,
38,2.7645633,50.556118,,
38,2.9505355,53.728207,,
38,2.8874204,45.665066,,
38,2.8975136,36.909054,,
38,3.2502997,56.21169,,
38,3.3735127,49.7444,,
38,3.5465457,74.282394,,
38,3.764313,80.43523,,
38,3.9439473,75.72529,,
38,3.9453309,69.59548,,
38,4.260775,74.532585,,
38,4.5863123,70.713684,,
38,4.552818,75.26384,,
38,4.6081324,81.92503,,
39,1.1567663,1.665978,Hymenaea,
39,1.4623022,3.2720098,,
39,1.6270705,6.6287007,,
39,1.6439818,4.1650906,,
39,1.957263,9.1167555,,
39,2.279874,7.2028446,,
39,2.0800264,16.87192,,
39,2.5917618,21.133331,,
39,2.7412035,16.742424,,
39,2.8085754,8.648536,,
39,3.1802807,9.907113,,
39,3.214076,5.155947,,
39,2.2827017,42.238434,,
39,2.977674,37.357773,,
39,3.2019594,29.979164,,
39,3.3997033,33.86635,,
39,3.2494147,43.71497,,
39,3.323876,43.192043,,
39,3.4563792,41.440804,,
39,3.2404945,47.939716,,
39,3.3808522,48.829887,,
39,3.1487396,53.39103,,
39,3.198353,53.218464,,
39,2.796855,84.17626,,
39,2.661893,101.772484,,
39,2.9677567,101.265854,,
39,2.9769225,95.45661,,
39,3.5968597,94.796036,,
39,3.3755796,82.80856,,
39,3.7781842,97.97784,,
39,4.160285,85.504684,,
39,4.2323422,100.474625,,
39,4.6869373,100.15452,,
39,4.7695537,100.336395,,
40,1.1782053,7.2179065,Simarouba,
40,1.1849446,13.779241,,
40,1.6780214,22.34277,,
40,2.0004084,19.717358,,
40,1.9533962,44.713627,,
40,1.9779439,45.60281,,
40,2.1738758,54.666668,,
40,1.9804354,70.60435,,
40,2.15668,93.4966,,
40,2.9722257,99.08009,,
40,3.1530857,101.93636,,
40,3.5081484,100.73294,,
41,0.7828408,20.969162,Sweitenia,
41,0.7923288,15.837164,,
41,0.78647095,5.3935294,,
41,1.5820587,7.248023,,
41,1.7801924,10.98607,,
41,2.0871904,10.133672,,
41,2.492286,15.309699,,
41,2.1763773,18.816153,,
41,2.0419781,26.23589,,
41,2.086159,50.13561,,
41,1.9669819,63.39797,,
41,2.22687,51.212555,,
41,2.3012886,52.105457,,
41,2.5339093,50.18316,,
41,2.584278,47.533504,,
41,2.6676073,45.772354,,
41,2.6701648,70.375656,,
41,2.5608056,77.09005,,
41,2.7262676,78.70062,,
41,2.7010627,80.113945,,
41,2.6407108,90.01955,,
41,2.762652,100.47551,,
41,2.8209,99.596695,,
41,3.122659,85.64573,,
41,3.472518,78.77988,,
41,4.321568,100.28707,,
42,1.3584788,0.65524167,Quercus,
42,1.8576858,0.9891905,,
42,2.2262552,5.1941853,,
42,2.291882,7.3008533,,
42,2.3486695,0.7961848,,
42,2.782303,-0.2735447,,
42,2.1048987,23.476233,,
42,3.0223775,35.922085,,
42,2.9486878,35.39743,,
42,3.3727186,15.698761,,
42,3.3904912,34.151665,,
42,3.5136693,39.77127,,
42,3.2124681,60.520107,,
42,3.7289793,73.1558,,
42,3.9090383,73.50097,,
42,3.2717733,87.055954,,
42,3.4282336,99.88006,,
42,3.819933,85.454956,,
42,3.8696754,93.88911,,
42,4.1971674,95.98657,,
42,4.6229396,99.13507,,
